source,query,title,link,published,collected_jst
GoogleNews:物価 食料 日本,物価 食料 日本,～26年２～３月に２％割れへ。４月以降は円安による食料品価格上振れリスクも～ - 第一生命経済研究所,https://news.google.com/rss/articles/CBMiW0FVX3lxTE1LSzZLVDgtRVRLMW9xVGIzT2oteHdDU1V0UzV6RXE3VGRTYkFLOXRXTHRXcE4tRk80eG9xZWJRLWg3dGNYMTRrbDdxbG1BUmxZa2xaTjdPVG4yaHM?oc=5,"Fri, 23 Jan 2026 02:03:32 GMT",2026-01-29T17:31:48+09:00
GoogleNews:物価 食料 日本,物価 食料 日本,25年の物価上昇率3.1%、際立つ食品高 円安でインフレ長期化も - 日本経済新聞,https://news.google.com/rss/articles/CBMibEFVX3lxTFBHSlc0S0I3elFCWTZ0SGJ5MFhGUVUyS1p4MWJrdW4tZnlOc3djV1pjNHZGRk9VemVKR0dZa3l3MUstN3pvNXI3S1dYMUp6Y0VIRHJDNHd1OVY0aWVsaXU3WjJfd1B2dmtOU0ROQQ?oc=5,"Fri, 23 Jan 2026 04:56:21 GMT",2026-01-29T17:31:48+09:00
GoogleNews:物価 食料 日本,物価 食料 日本,消費者物価（全国25年12月）－コアCPI上昇率は26年2月に2％割れの公算 - nli-research.co.jp,https://news.google.com/rss/articles/CBMib0FVX3lxTFBVaTZIekJadWxCQkVSTzZVZnNzXzI2MDRQSUJtZVpxa3VuVjdpcHNiaHlnS2lmR0hGb0doam9rQ0lMZnBVZkRtdGpqRTI3SGt3bFUwMmtvSFhrRGhpZXVuUVBwUi1YQjA0MUdCcFM2c9IBf0FVX3lxTE9KdVZwWlJqM3hPM3RXVXBQWHk0VnJtQWhadFRldjNrZVFyMEFCRW91Z3U5S09MLVlNN2h6SXRBdEoydzVhaTB3MjU5TmdIVk50eHhUWHF4a1RoVFJJMTNQbzNCMkJQNkNLZU9NODRpYzRKZmRvZ3pSRFRiUmRXbVU?oc=5,"Thu, 22 Jan 2026 15:00:00 GMT",2026-01-29T17:31:48+09:00
GoogleNews:物価 食料 日本,物価 食料 日本,食品減税「物価に効かず」56% 日経世論調査 高市内閣支持67% - 日本経済新聞,https://news.google.com/rss/articles/CBMibEFVX3lxTE9XT0NSMDdkaHNJNWhybC1MM09fTjZ1VE5sZHMySWUtd3BfNVRjTVBySUllRTNVREJjNWUtdE9ZVjVXS1hzaGgxcE43NDg4R3pkdlhIaWJSYUdJNTlwUG16UFBSbnNoR1hEQkpKcg?oc=5,"Sun, 25 Jan 2026 17:00:00 GMT",2026-01-29T17:31:48+09:00
GoogleNews:物価 食料 日本,物価 食料 日本,～26年２～３月に２％割れが濃厚だが、円安による食料品価格上振れに要警戒～ - 第一生命経済研究所,https://news.google.com/rss/articles/CBMiW0FVX3lxTE9saXBHWHEzQmItZ0VoNjJyWFFnMjQwS0VsRXc1amxLTEVTSjhiR1hGaGE2UW1Cd0tVTzh2TUZRUFZLVzd4STFrdmx5SEhfQnRzUWtkWWdKQXRPdUE?oc=5,"Fri, 19 Dec 2025 08:00:00 GMT",2026-01-29T17:31:48+09:00
GoogleNews:物価 食料 日本,物価 食料 日本,消費者物価（全国25年10月）－コアCPI上昇率は25年度末にかけて2％を割り込む公算 - nli-research.co.jp,https://news.google.com/rss/articles/CBMib0FVX3lxTE5nZXBSMGZwT21VNnRETnU3eDJtRF91cXEwRXd4Q3AtNVozODlWZ0VrTEtUQkJXdmdoLWNoTEhXVklBdFUwZ2NLaVowQnlaTTB5a0gxalUyYmQxQ2E3WVBldW9adllvVnVLaW1mYXpQSdIBf0FVX3lxTFBENTA4ZGRIbmFENGlRLXRueHZfb01XVlNTLUVTV2ZPSXlWeG9wUzl6TmxJakdXZ05DWXdKb2padU94WUFBbWhvM0tNWXdURzg1QU5FcVROSHBsNTRLOGJYRHVOZ3U5cjN3WHBYUGNUaWdWOWktWEN2R2ZzSzdmTDg?oc=5,"Fri, 21 Nov 2025 08:00:00 GMT",2026-01-29T17:31:48+09:00
GoogleNews:物価 食料 日本,物価 食料 日本,～26年１-３月期には２％割れへ。円安進行による食料品価格上振れには要警戒～ - 第一生命経済研究所,https://news.google.com/rss/articles/CBMiW0FVX3lxTE81S0NpTGd4U0F2X0RpRF9MUG9XWU1hMl9nZXR3X1o0a09uQjdRUjltcmhBUEE1UnhLSWdoMTlRbFVOaURfNmIyc24wd01wV3NOLXRlZEFOcUtIOG8?oc=5,"Fri, 21 Nov 2025 08:00:00 GMT",2026-01-29T17:31:48+09:00
GoogleNews:物価 食料 日本,物価 食料 日本,消費者物価指数、11月も3.0%上昇 生鮮除く食料は7%上がる - 日本経済新聞,https://news.google.com/rss/articles/CBMibEFVX3lxTE1uU2xVREJBSUpaeGx0MjgzQTc4djA5dkYxYkxKSFFjNDVhRk9tQmwyWWtWb3dFbjQ4clEya01TRE5vM2FYU3lqMXVjdEQ5YlpGcHFwUkJEb3hlaW1wUENwNjJMampTNFl5d3BrUw?oc=5,"Fri, 19 Dec 2025 08:00:00 GMT",2026-01-29T17:31:48+09:00
GoogleNews:物価 食料 日本,物価 食料 日本,消費者物価（全国25年11月）－コアCPI上昇率は26年2月に2％割れへ - nli-research.co.jp,https://news.google.com/rss/articles/CBMib0FVX3lxTE5hcE42eVc4QzM4T3R2ZDEyaG9nbTZoOFNta3FhNzVDQU14bF9sRU1pQ1M2Qi1qRWRJZWI3aUJpNk5nY2RVNEZLaTNDNXU5UWpnRHFQVmFqbnFCdURkdnZ6d1JCeXpoVWZtQ3BQQmNyZ9IBf0FVX3lxTE9yMkgxVjNQQi00c1I1QWhWQUZTaUpVTmNMZnpwU3VuLXVDTGpUMzJ3X183SExIMGhIVEVQdGZvWjdZNmhuaGRlNTgzaE9icHVtUlplbmVQMlJZOVpRTXBhTjZFMU43cVRGNVZiU1B0REZYa2phSzhnb2pPeGxJN1U?oc=5,"Fri, 19 Dec 2025 08:00:00 GMT",2026-01-29T17:31:48+09:00
GoogleNews:物価 食料 日本,物価 食料 日本,消費者物価指数（全国・2025年8月） ～食料品価格の伸びがピークアウトも、先行きの鈍化ペースには不透明感～ | 新家 義貴 - 第一生命経済研究所,https://news.google.com/rss/articles/CBMiW0FVX3lxTFByV1pvQkV3Y3hEVU9rdWFtRkNNajRnbkFsSEd1MmhBSGZZX2ZSMy1INkFXZnhIaXBwZHJ3c0pTQjBFOWtPSThnMkUxUXVfUndEMXNvMFhrOF96eE0?oc=5,"Fri, 19 Sep 2025 07:00:00 GMT",2026-01-29T17:31:48+09:00
GoogleNews:物価 食料 日本,物価 食料 日本,東京23区物価2.7%上昇 今年、食料品が押し上げ - 日本経済新聞,https://news.google.com/rss/articles/CBMibEFVX3lxTE1Gdkp3Ynczb055a2g5UGR5bTFXRllsWXJudk1jWW1Nekg5TUpmLUhIVHZfckJkSnU1RjVXeXFrZ3NDR0I1aVZDM0Z4Nk81eTdWVGpTX3ZlbzJabE9oQWlNWkpXWkFCM2RqVXNqYg?oc=5,"Fri, 26 Dec 2025 08:00:00 GMT",2026-01-29T17:31:48+09:00
GoogleNews:物価 食料 日本,物価 食料 日本,消費者物価（全国25年5月）－コアCPIは食料中心に上昇率拡大も、夏場には3％割れへ - nli-research.co.jp,https://news.google.com/rss/articles/CBMib0FVX3lxTFB6UXQ1bHZKMXZTMkpvYmo2S2tRdnBPYUw4SnRnQ19kMUcyS280bVd2MG1tajY0VnM1ZlhLaVc4dXJmb2ZnU2dfSDNCbFlqajNvRmhPaGlBVjlFVktOY0xud2tBNmk4QUxCbGw1OFl6VdIBf0FVX3lxTE8yYjdKa0IzZ0xxd2ZnLXpmTy04SEFqUXFqTVpKVmFrWGlINmIwZGEydVRiTGktVFhQWXVLMEwwTlMyd1ljUGN4UjJLUGc3R3ktMC1DcWF3cFlfcC1BejdQUjhYVmU4Z05xcm5YT3ZKcWVmMjJsclRSVnpEN1ZzSHc?oc=5,"Fri, 20 Jun 2025 07:00:00 GMT",2026-01-29T17:31:48+09:00
GoogleNews:物価 食料 日本,物価 食料 日本,消費者物価指数（東京都区部・2025年12月） ～食料品価格の伸びが鈍化。26年２～３月は２％割れの公算大～ | 新家 義貴 - 第一生命経済研究所,https://news.google.com/rss/articles/CBMiW0FVX3lxTE91NUlFalEwMTY2ZC1pR3ZNaU5mbFl3NUo2My1iTXJ6OS11Z3dwdGhER0Fjd0VRclgzVDlIZzhsV3FGT29MQm9CSVVwOWpsX1Fka3FfMlNONFRKdFk?oc=5,"Fri, 26 Dec 2025 08:00:00 GMT",2026-01-29T17:31:48+09:00
GoogleNews:物価 食料 日本,物価 食料 日本,消費者物価（全国25年6月）－コアCPIは25年8月に3％割れへ - nli-research.co.jp,https://news.google.com/rss/articles/CBMib0FVX3lxTFBteGs0dVVsaks5czBxWnZQUWkxN0g3b2dzRlRXRmRUS0FKVUtPazRKUk4weFozQmxreXItYWxVcjYwWFBtb2syOVV0bG5BSEU3RjhBMzFzWDkwSmJfZG5laEFoSEZyLTFjbThNSm1tMNIBf0FVX3lxTE9jd2sxdkV0aU1pSHIwTmJpdlVaNlZYUFBGbldzVHZHeUM2MEtraVdWak5qT0NnVzVPVlROeTFvVmtwTEQ3Ry04Q0Rfa2EtbFZxbWprNkwyTm5ha1BqUDJQMjFNYU9wYS1DUy1Wc2tvZ1BiSENna2Qwb2ZPZUlOODQ?oc=5,"Fri, 18 Jul 2025 07:00:00 GMT",2026-01-29T17:31:48+09:00
GoogleNews:物価 食料 日本,物価 食料 日本,～26年１-３月期に２％割れの公算大だが、円安進行による食料品価格上振れリスクも～ - 第一生命経済研究所,https://news.google.com/rss/articles/CBMiW0FVX3lxTE1SNFI3X181NXpERTNlVW96dHE3ckI3aXg2X3VEcDRCTXI5UURlOHlqZU5aLU1OQmVaQVRzaUhJLWxuYWphT3FObWoyVEo1S2RZejU3OWdvb2RUZTQ?oc=5,"Fri, 28 Nov 2025 08:00:00 GMT",2026-01-29T17:31:48+09:00
GoogleNews:物価 食料 日本,物価 食料 日本,消費者物価（全国25年8月）－コアCPIは9ヵ月ぶりの3％割れ、年末には2％程度まで鈍化する見通し - nli-research.co.jp,https://news.google.com/rss/articles/CBMib0FVX3lxTFBRVm1vYWVCbW1ZZDdoMVJvQjRkeGEwd09Md2ZDendXRW02ZFNLMUlTelRGVVdsaVp2OS1xRjI2ZnFhdmtxWmJsZlB1STZ6SEhaNFkzdDg4X0lSRG5pV3hxNUpDY28wVnBMOVZYM25pQdIBf0FVX3lxTE9rM29JZVZRMEJZRHg4Z2VlZ1otM2dOLXl2djBjTUVpSGpfd1hBNzlHNU1SemNqX19CaU9EbnNCTG1nWDdpdDd3V1dBMXRZOFlMY295dkRmX0YwMF9LQjJKdFVHbEt3Rkl6MXRhZ2ZUS3VwSjlDNC1feXY0ZjlMbEU?oc=5,"Fri, 19 Sep 2025 07:00:00 GMT",2026-01-29T17:31:48+09:00
GoogleNews:物価 食料 日本,物価 食料 日本,消費者物価指数（全国・2025年9月） ～食料品価格はピークアウトも、先行きは不透明感残る～ | 新家 義貴 - 第一生命経済研究所,https://news.google.com/rss/articles/CBMiW0FVX3lxTFBxM2RJQ0hBVzRRcllEbGVZYi02U1pUbmJOdlFQZjFMTmY5Rk56cGNtczQzQ1l6bDRYdFF2SEhrWmI5U2x5T0hZbmtubEtnOXNNYmhoRGxwdzZpWkk?oc=5,"Fri, 24 Oct 2025 07:00:00 GMT",2026-01-29T17:31:48+09:00
GoogleNews:物価 食料 日本,物価 食料 日本,消費者物価（全国25年9月）－コアCPI上昇率は拡大したが、先行きは鈍化へ - nli-research.co.jp,https://news.google.com/rss/articles/CBMib0FVX3lxTE5lN1VlTDFaYjhWVlZacEk4TnB3RVJmVFNtV0pkaURhcndzVEJscXlQX0lPUDVVb3JiTVgwc195Mk9GOVJhTURiYzR0cGFfMHlLTEF2N1VESEtXeHhMd0Y0bFpXRzdUc0ViemdjY3FaY9IBf0FVX3lxTE1jZDRjTEx1TTgtNEsxcVo3QVoyaDl4YmgzWkI2UVowTmZ0d1JWS1l4bnBWQlgxQUYwZi13azRpZDZxU1J1bDZCeVZrR0hLM3JnQkE2TXdNT3FaNG9xeGFnZlhRZkNIUEZFdEh3Nmpaa1ZoVlZELTBNamhraXVocnc?oc=5,"Fri, 24 Oct 2025 07:00:00 GMT",2026-01-29T17:31:48+09:00
GoogleNews:物価 食料 日本,物価 食料 日本,気がつけば、日本の物価上昇率はG7最高 ～消費者物価は日本が3.6％上昇、各国2％台～ | 熊野 英生 - 第一生命経済研究所,https://news.google.com/rss/articles/CBMiW0FVX3lxTE9vVU43WVB1RkFrU2RNZEh3MXZweHJBMldfb3RXRmdzMGhGOXBaMTRnQXZTTXpVZlpZRE5ZQURCN3BBYkhYRjJFVzVkdnphV3hENVoxSmxWWnJpYXM?oc=5,"Thu, 05 Jun 2025 07:00:00 GMT",2026-01-29T17:31:48+09:00
GoogleNews:物価 食料 日本,物価 食料 日本,消費者物価（全国25年7月）－コアCPIは8月に3％割れ、年末には2％程度まで鈍化する見通し - nli-research.co.jp,https://news.google.com/rss/articles/CBMib0FVX3lxTE5wanZzVkUyV1N6UlVVV1BQS1R4Mnctc3ZnbmdONTJlMTRKTU5qMlVZSF81NG4xeXRDYkNFUnBrR1hMVENaRFk1UHhtVmR6SC05VFhnTXFwZDVOUms2NmV0QXZDU29wdGxjUThWSWxwWdIBf0FVX3lxTE5FLU9wdGJSdm5jWlJZMlNibXBrUlFpcUhPYk02MHpCYWFDTmhwYzZBYmV3anc1czNVRlhHU3B1NlN3M01KWWhSbTJvZmhuWHFVTHNCTHk0WXQtX0JObk41dTYxekUza3BTSmFNQ1kwcnlDWkJOcXBqUkgxZmRTYTA?oc=5,"Fri, 22 Aug 2025 07:00:00 GMT",2026-01-29T17:31:48+09:00
GoogleNews:物価 食料 日本,物価 食料 日本,【日本】12月の東京CPIは生鮮食品が低下し大きく伸び鈍化　基調物価は底堅い印象 - マネクリ,https://news.google.com/rss/articles/CBMiVEFVX3lxTFA5VFFrTEF0VlZKY1BNalBtV0tBb2FWcVA4MWdlZlVVS3hrV0lMd19JMDc0dEdzZXl3MV9XVC1Pdy1WNXpoY0Z4TlAtV1gwaFRDcjFuMdIBV0FVX3lxTE13U3F2bmVDcEMxMHM0SWZjcFJhLUdOSTJscVdBNGkxSGtPSUFOdUlvZ3pfbWg5REpGZVQ5eFozbFFIbnM1OWN1NnRnZ0VncmFZUzc3UDk5Yw?oc=5,"Fri, 26 Dec 2025 08:00:00 GMT",2026-01-29T17:31:48+09:00
GoogleNews:物価 食料 日本,物価 食料 日本,消費者物価指数（東京都区部・2025年9月） ～第１子保育料無償化の影響で下振れも、基調は変わらず～ | 新家 義貴 - 第一生命経済研究所,https://news.google.com/rss/articles/CBMiW0FVX3lxTFBmV3Ytb19yMTJnWnpaWlM5ZTYyN0xqTkJDZ2wzaUNqdTNlZnB6YnAtN3hCcFRGUEQyQjVoRXdfQWJHYjJDcXJ4QzVCdk9CdjM2YlRkTy0ybm41OEU?oc=5,"Fri, 26 Sep 2025 07:00:00 GMT",2026-01-29T17:31:48+09:00
GoogleNews:物価 食料 日本,物価 食料 日本,～全国CPIは8月に＋3％割れへ。ただし、その先の鈍化ペースには不透明感～ - 第一生命経済研究所,https://news.google.com/rss/articles/CBMiW0FVX3lxTFBpUFBnVmpaSVFCVVhVTEYta2o1Y3ZPS2w4VFpxM2V3MmJqLVlMMS1qb2l3RXBDOUVmMjN0ZzE0XzE0WmVLQm1YX1BuY2VIcGVabnd1VUZNMWRPMzA?oc=5,"Fri, 29 Aug 2025 07:00:00 GMT",2026-01-29T17:31:48+09:00
GoogleNews:物価 食料 日本,物価 食料 日本,8月の物価2.7%上昇、3カ月連続で伸び縮小 政府エネ補助が背景 - 日本経済新聞,https://news.google.com/rss/articles/CBMibEFVX3lxTFBhak9IczJlUS1lRjBIRmRsNjAtWnZITktWcjMySFloMzQwWmxTZ29JQ3pYSjE5akt4YWpFT01RNEpISHFtQ2hWdFFoclQxZWk5S0RRdW84R2kxQXRGTF9qZTFfRTdMektBU3h6NA?oc=5,"Fri, 19 Sep 2025 07:00:00 GMT",2026-01-29T17:31:48+09:00
GoogleNews:物価 食料 日本,物価 食料 日本,消費者物価（全国25年4月）－食料の上昇ペースが一段と加速 - nli-research.co.jp,https://news.google.com/rss/articles/CBMib0FVX3lxTE9vd3VWSEUtUkJNcFdFUUxrMnFRMUVJZ2JOelgzWmlTQ2VBbk9sdG9ZRjFCc3ppOGpjZ1RoYnB3VHYydHkwQ1hvcVQ2bnZ2MHNTN3BBdDZCQm1rZGwxZWN4Mi1Yczh6NHRWaVlXbTFBRdIBf0FVX3lxTE9zblFUVnp2V0xSUUJnbmtpSjJOVHNzaWpvWm1vbVk1dVhaNkJxME14Xzdfd21SUTM4WTdhcDMycG5fM1ZLUkd0bzU2NF94WmxEX1kxTVAxWG9sS0JXYW1CN2RxemJ3UXRaNjVGZkw3M2JoZXVlRnRNNjdOeVhSNzQ?oc=5,"Fri, 23 May 2025 07:00:00 GMT",2026-01-29T17:31:48+09:00
GoogleNews:物価 食料 日本,物価 食料 日本,日銀が物価見通しの上方修正を検討する見込み、食料上振れ－関係者 - Bloomberg,https://news.google.com/rss/articles/CBMidkFVX3lxTE1GVG8yM1l2X0w4M09TcVd4ZmlRVExlMGJpT3liQkQtbllMaEVwUVdsQlZHSnU1WG1zMTNic2swSkk2bWRObkNpZ0xpNzN1bnlIN3RBMGp3bW4xeWNveE92eUFJRnZiS0pkaWo0VDlvemZ3NlV3OXc?oc=5,"Sun, 13 Jul 2025 07:00:00 GMT",2026-01-29T17:31:48+09:00
GoogleNews:物価 食料 日本,物価 食料 日本,物価2％超が政策の前提に 日本は財政リスク拡大に備え支援対象を精緻化した再分配を - キヤノングローバル戦略研究所,https://news.google.com/rss/articles/CBMiWEFVX3lxTE1xYm5naWt3ZWZLdHdQaVBreUkzaXJ1VVFXWF84SkprUldjcXdxc0paVVVLTkY3OGJnM1hRbWhXX0VDZ1dhU0lMRUI0V0ZPSkZqYUJNVi1ObTc?oc=5,"Tue, 14 Oct 2025 07:00:00 GMT",2026-01-29T17:31:48+09:00
GoogleNews:物価 食料 日本,物価 食料 日本,全国消費者物価は3.0%上昇と伸び拡大、市場予想と一致－10月 - Bloomberg,https://news.google.com/rss/articles/CBMidkFVX3lxTE5IbEFqblcwNHhJdHJheTdkd2RvOE9DT0hsTzliUGRFVUpZTnBCeGRuNU9iQkpFVnlXUEZ5MEwwVlhWZ3dnb2JJbHo0a0NyV3h0bDZLenZHelNfc244ZHV2T05WT1FEbndxRGRFY0JhTUduS2VuTGc?oc=5,"Thu, 20 Nov 2025 08:00:00 GMT",2026-01-29T17:31:48+09:00
GoogleNews:物価 食料 日本,物価 食料 日本,最低賃金・もう１つの副作用 ～「食料偏重型インフレ」の長期化リスク～ | 星野 卓也 - 第一生命経済研究所,https://news.google.com/rss/articles/CBMiW0FVX3lxTE1kUkZvM3czN3JiRVVTaTg2NHhDd3RKZVNJWnlETGR0VlNBTmZwMk14YjlvU2FuVEUtamZBZnZMQ2MzUndjQ093VkgzNVVPWHV4ZTdOWTRTbERaMzA?oc=5,"Wed, 13 Aug 2025 07:00:00 GMT",2026-01-29T17:31:48+09:00
GoogleNews:物価 食料 日本,物価 食料 日本,消費者物価指数、4月3.5%上昇 コメ類98.4%と過去最大の伸び - 日本経済新聞,https://news.google.com/rss/articles/CBMibEFVX3lxTFB3bVpkNzh1TnV2Q1BET3BaRkUtNGNvV0JJMENmMDVXMEREMlZyMWdfRTNCZHB5VWEtNjhTRENPWERtQ3BJdXp5Yk40RUphZGtfcnFnaV9UQ1YyZG5CcEtBaGRXQ1Z2c3hKS3FoTA?oc=5,"Fri, 23 May 2025 07:00:00 GMT",2026-01-29T17:31:48+09:00
GoogleNews:物価 食料 日本,物価 食料 日本,東京都区部の消費者物価指数、5月3.6%上昇 コメ類93.7%伸び - 日本経済新聞,https://news.google.com/rss/articles/CBMibEFVX3lxTE5Eb2VYdUM0YXZ2QkNJaURYN2lCX2NFX3FtRUJQVThSWFdCSGhnSVZ6cWRMamlYNm9QeV9vYmxZRHhMZndkTHlNaW1FdUk3M3hqc01UZ2ZuWlc4WGZ0QXdDVUZnVzlRUnpVS09CZg?oc=5,"Fri, 30 May 2025 07:00:00 GMT",2026-01-29T17:31:48+09:00
GoogleNews:物価 食料 日本,物価 食料 日本,日本の7月CPIの要点整理から見える日銀の勘所 - ピクテ・ジャパン,https://news.google.com/rss/articles/CBMif0FVX3lxTE5mSE5jbkxSeUNzYWRyNVJyNTdfU1dPUDZIYnZLT0JsYWpET05EQVRSNy1iVmJWM1lqdmYwSEJTX1h3VWNja3Z2YUx5aVM1RXJBZEhfbFdQM2Z0bXZITEI4aGxfQ09jR2NjMHNpcm5OZUlJVFdybGo2OHJ2YkdUUFk?oc=5,"Fri, 22 Aug 2025 07:00:00 GMT",2026-01-29T17:31:48+09:00
GoogleNews:物価 食料 日本,物価 食料 日本,5月の消費者物価3.7%上昇 伸び拡大、コメは101.7%高 - 日本経済新聞,https://news.google.com/rss/articles/CBMibEFVX3lxTE11YlI1ZlBCNFVXWEFxZFpGY1dyQ1UxdW02aWFJRHNNWWJXYTFPcHlVOWE4Q0RkaldkRkJvTWJkTlBCcEY3Vk04cGlhdVVLZ1dYZTU1Rm9rOHJZSTBYVFl5X1F3NGhCRDVZOGZDXw?oc=5,"Fri, 20 Jun 2025 07:00:00 GMT",2026-01-29T17:31:48+09:00
GoogleNews:物価 食料 日本,物価 食料 日本,日本の食料インフレ8%で突出 コメが押し上げ、欧米は1〜2% - 日本経済新聞,https://news.google.com/rss/articles/CBMibEFVX3lxTE9PRU1NYmJ4WDUwNk9iQlRnMUY0aUFoTDNWMWQzZ2o3RmNveUhqQUZuUDg4LUxtbXhQdmVWeXdLcExDQUg1UUh4OF8xTTJ2alJiSE80V3JIM2JZWEJ6eDFRcV9ob3YwZnNtRzFsTA?oc=5,"Fri, 23 May 2025 07:00:00 GMT",2026-01-29T17:31:48+09:00
GoogleNews:物価 食料 日本,物価 食料 日本,8カ月連続で3%インフレ、2%台の通年予想とズレ 想定超す食品高 - 日本経済新聞,https://news.google.com/rss/articles/CBMibEFVX3lxTE1JTG53V3JRNnJjd1I5T25MZ18xY1VPRVVwbndUcUVNb3hUZUktTUQ3ZWdrUTlNQWM1RlROVVhVWlUwdHJlODVVQVljdVE1bVFWZHR2YVNpYzA1Rko0d1ZJb2h2ZXhlRWp6Nm1RdA?oc=5,"Fri, 22 Aug 2025 07:00:00 GMT",2026-01-29T17:31:48+09:00
GoogleNews:物価 食料 日本,物価 食料 日本,消費者物価（全国25年3月）－コアCPI上昇率は25年度入り後も3％台が続く公算 - nli-research.co.jp,https://news.google.com/rss/articles/CBMib0FVX3lxTE9NQl9mMzdHVXRpamxkcjlxYXVIRzcxQWhKMDVyZlczdE1FUWJwbGJKOVlPVmtsTFY2ZkMwOGlsSjEzWmNPQUxDQXJBeTdvMnI2bExteFg2N1lyOXBWTXlTLXpUdjVLckp2N28tQTNlUdIBf0FVX3lxTFAxY1h3VGU1ekdqRm9wTmJyaDdSdXZnQ2VaeHd0VGF1RzA0VEVRSGNuZHFnNlhjU3dvbjNKcmdXYWVGSkJuRW8zSFdQa1ZoNGNvcjdYbnlVZ2ZLajN5WDBCcG1NbGZaamZ3V21zUWZiSEJSNDZabThFV2hxcVhRUlE?oc=5,"Fri, 18 Apr 2025 07:00:00 GMT",2026-01-29T17:31:48+09:00
GoogleNews:物価 食料 日本,物価 食料 日本,小枝日銀委員、食料価格が想定よりも上振れ－基調物価への影響を注視 - Bloomberg,https://news.google.com/rss/articles/CBMidkFVX3lxTFB5OVUwRlN3d29NcGZHUDV4T3lybXBJZ0ZXLVlaTkJTbUdUYURfVS1mN0k3RXBESlZ5UzRCYmk5eGZjc0hRVFdCU2Z2dEJlTk56QWg1eXZQdldadTQ2RjZxbkMyRDlrcjhWQllablpDbmJJWmlwVnc?oc=5,"Tue, 08 Jul 2025 07:00:00 GMT",2026-01-29T17:31:48+09:00
GoogleNews:物価 食料 日本,物価 食料 日本,"｢食料の物価高日本一なのに最低賃金ほぼ最下位｣の地獄県とは…物価と給料の乖離大きい地域の""残酷"" - PRESIDENT Online（プレジデントオンライン）",https://news.google.com/rss/articles/CBMiWEFVX3lxTE1rSndJZk9UdmphdzNNUWxKYVZrd1RHWlFZMlNVa2FNQnBnWlZIYWhxWkNaTzEyNVJCWWtmUG5uX1BzOHBubHJqVlVkd2U1VmMzODg1c2VNYVA?oc=5,"Thu, 14 Aug 2025 07:00:00 GMT",2026-01-29T17:31:48+09:00
GoogleNews:物価 食料 日本,物価 食料 日本,【日本】2025年7月のコアCPIは前年同月比3.1%上昇　前月から伸び鈍化 - マネクリ,https://news.google.com/rss/articles/CBMiVEFVX3lxTE5fRFVKeHd4bjFJRk1NNURiYWF4OGZsa3UyVXFWVU9pc1paMkRuY0NSU1BXa25Hc19RUGpMNVppZGU5ZFVKb00yUTZ0VHY5bTc2Znl6X9IBV0FVX3lxTE5wQjctNWpoaER4bXRxRFVrTlZhWlVwQklGRks3a2lrcG51WGYyRlFXellHQlhVbnQ4dWtQdXJRMGNOYk5NRGlZWm80Vjg1OGx0ZWtydloxZw?oc=5,"Fri, 22 Aug 2025 07:00:00 GMT",2026-01-29T17:31:48+09:00
GoogleNews:物価 食料 日本,物価 食料 日本,消費者物価指数（CPI）3月3.2％上昇、2カ月ぶり拡大 食料高続く - 日本経済新聞,https://news.google.com/rss/articles/CBMibEFVX3lxTE5Wd2ZEWjVidk5qMlFXdDZGSWpPXzI5MkxlbkFBam9qeVhDV2lfaXJiclJEWU1uNFBTdEVQenVZOHBPS1RBbXdEcHRRSnRubXkxcGZHRi1zdVcxUE1tUkY0NkNjbEx6Um5NZEJaQQ?oc=5,"Fri, 18 Apr 2025 07:00:00 GMT",2026-01-29T17:31:48+09:00
GoogleNews:物価 食料 日本,物価 食料 日本,東京都区部物価3月2.4％上昇 2カ月ぶり拡大、食料高続く - 日本経済新聞,https://news.google.com/rss/articles/CBMibEFVX3lxTE10LTgtdzNIcVZrc1d2ci1HN2gwc0F4cTFTNFRSOGpXMVJ5WEplc0pmLUJpRmp4dnM5QU0tVThCZzZkaXNraDRMalB2cl9MN25PZWl2QlQxcmNvaGRGSVlLTFZKSUJGb2NhRl8zLQ?oc=5,"Fri, 28 Mar 2025 07:00:00 GMT",2026-01-29T17:31:48+09:00
GoogleNews:物価 食料 日本,物価 食料 日本,消費者物価は上昇率拡大、23年１月以来の水準－食料の伸び加速 - Bloomberg,https://news.google.com/rss/articles/CBMidkFVX3lxTE5PN3M4ZWxhY2FRUHU3UWVKOHd0a0hrbWNzVWl0X0Jyd2d5bWZyQVFZOHdMNnFzOUdZX2F0TDhKeno3bkJreGhQTFU3SEhodXhyMEhESVh4a0dfNG5aclJpRzFGT3J0NDRHV2I3bXRXWkpYT1I5Z0E?oc=5,"Thu, 22 May 2025 07:00:00 GMT",2026-01-29T17:31:48+09:00
GoogleNews:物価 食料 日本,物価 食料 日本,全国消費者物価は3.7％上昇に伸び拡大、市場予想上回る－５月 - Bloomberg,https://news.google.com/rss/articles/CBMidkFVX3lxTE9ZTjhEa1R1ZGIzbG5PYWE3OEdrSE9sVzRzRnU5aGJPLUVlY3hVSUxPR3Z0VzhHSjlzMW1fSkltODU3M0RiYXZGUXdKZE9ib0tjcVppX09WeXRvcGppWTEzM0ZQNUZ5V2hLdnl0VEhIa0lnbnotSFE?oc=5,"Thu, 19 Jun 2025 07:00:00 GMT",2026-01-29T17:31:48+09:00
GoogleNews:物価 食料 日本,物価 食料 日本,【速報】農水省・補正予算案 物価高騰、食料安保に重点 - 日本食糧新聞・電子版,https://news.google.com/rss/articles/CBMiU0FVX3lxTE0tRHBBT0Z3c1lVNXZ1VHRlTzRReTl6QWhrVkVZSFBXS203Q3owd0g0dkNpQW9nblF4WUpYaGdJZHVYRlNFbTFIbml4ZlY0QzI5OFBn?oc=5,"Mon, 01 Dec 2025 02:52:40 GMT",2026-01-29T17:31:48+09:00
GoogleNews:物価 食料 日本,物価 食料 日本,３月の全国消費者物価は3.2％上昇、伸び拡大－市場予想と一致 - Bloomberg,https://news.google.com/rss/articles/CBMidkFVX3lxTFBWV24tX0JnZ1FHcWd1NWhycFVJejlpMndIVGFneVgzaHV2MmRPb2dWam5YZ0J3TFcwcmhhSXV0UnRPcDNzODREWXM2Q0U4ekpubTVaOVMzZlBfZXhVa2xUOTBIRXh4bzJHYkdGYkNjdENBMVBpSEE?oc=5,"Thu, 17 Apr 2025 07:00:00 GMT",2026-01-29T17:31:48+09:00
GoogleNews:物価 食料 日本,物価 食料 日本,７月消費者物価、３．１％上昇 ２カ月連続伸び縮小―総務省 - 時事ドットコム,https://news.google.com/rss/articles/CBMiY0FVX3lxTE80MWFiVkVjeThyX1ZqWjRneDIzeTkyNDBWQk04bnFYTk1vZmQtd3VTLVB4S0RkeVpVTnY2amZCZEwtNHZkRXd2YUtGTzBoZkgwN1NQYUV2blROT0x1SlZtY0V1Yw?oc=5,"Fri, 22 Aug 2025 07:00:00 GMT",2026-01-29T17:31:48+09:00
GoogleNews:物価 食料 日本,物価 食料 日本,全国消費者物価は3.1％上昇に伸び縮小、市場予想を上回る－７月 - Bloomberg,https://news.google.com/rss/articles/CBMidkFVX3lxTE9RZWtXN3F2UVlsS0YycWtwV2tONU85RE11UHdEdDRFQ1RTZGpsYVFNV3VBWlVDWm96ck8xUTFyR0p1dmZ5ZW9ZU3pmZDRGV1J1UnhXYnQzMGZnbTdzLWpUUExZV3lneXBFWHlLWC1wS01MeC1kTkE?oc=5,"Thu, 21 Aug 2025 07:00:00 GMT",2026-01-29T17:31:48+09:00
GoogleNews:物価 食料 日本,物価 食料 日本,【日本】2025年4月のコアCPIは前年同月比3.5%上昇　物価高止まり続く - マネクリ,https://news.google.com/rss/articles/CBMiVEFVX3lxTE1NSzRueThobkhCRXh4M05IaHhZQm4xSUY0WUJGU1kzeE1yczhsaGQ5VFFCTGg3cHVtT1VOWjFTTjR1RVpjaDk1Mzlxajk5VXg1VUdoSdIBV0FVX3lxTE80R1dZd0toak9wUDRGdll1d3dXdzY2ZW44UHBWcHRYNjZKTVZ6bS1LWnpoUkZFSEdqVXJFS3ZVZ3hWVm1tTUtoS0xjbThCckNMck9QTHQ4UQ?oc=5,"Fri, 23 May 2025 07:00:00 GMT",2026-01-29T17:31:48+09:00
GoogleNews:物価 食料 日本,物価 食料 日本,【徹底解説】生活直撃！今、理解したいほんとの「インフレ」 - newspicks.com,https://news.google.com/rss/articles/CBMiU0FVX3lxTE5LYi1LdEJJcUhoaWN5TjZGemI5WlBmcm9ETjNCaWRTVTYyLTdRTm1DUmxmNW5TWFlwY0V2QkJNaDhXWmpuVE1kWm5xLWJqdlZ5LVBv?oc=5,"Mon, 24 Nov 2025 08:00:00 GMT",2026-01-29T17:31:48+09:00
GoogleNews:物価 食料 日本,物価 食料 日本,欧米・日本より高いソウルの食料品物価、OECD平均の1．5倍＝韓国ネット「買い物が怖い」 - Record China,https://news.google.com/rss/articles/CBMiZ0FVX3lxTFBfZHBLNEc2YklfUG53dERaUFJNWTNLbGpBcXhMbmk0MGZsamVLRS0ySVliUVcwdVJfeVBUVFZKcVdLZTdWeWg4LTIxZXpkSm5CNGowWHhiZHB6aURyLS1zLXVWNm5ZazA?oc=5,"Mon, 08 Sep 2025 07:00:00 GMT",2026-01-29T17:31:48+09:00
GoogleNews:物価 食料 日本,物価 食料 日本,東京都区部物価、2月2.2%上昇 食料が押し上げ - 日本経済新聞,https://news.google.com/rss/articles/CBMibEFVX3lxTFBlMHg0VnBsZU45QkZXSDduTjhIeEFOZ2paLXpTZVhubTRVZ3FqOE5waFlvWXBwcnpIcDRaZWVKWmh0UmF3c1Q0MHlPME5JMWREZmp0TmYxcFhES1B6WlVudjdnaklPV21FdXZBTA?oc=5,"Fri, 28 Feb 2025 08:00:00 GMT",2026-01-29T17:31:48+09:00
GoogleNews:物価 食料 日本,物価 食料 日本,「おこめ券」は米価を上げるだけの愚策！これでは低所得者は楽にならない、物価対策として見落としていること - Wedge ONLINE,https://news.google.com/rss/articles/CBMiXEFVX3lxTE5ZZHZ0N3FydW5HM0swb2dNeExvUG9DVGZWU3VPd1ZsMjNHTXF3bzZjZzJOOVpNS2c0X0tvOG5SNWthT0tfNDY0djJaNkdFSGRXUWtvNXdHRnhic3d0?oc=5,"Thu, 27 Nov 2025 08:00:00 GMT",2026-01-29T17:31:48+09:00
GoogleNews:物価 食料 日本,物価 食料 日本,先進国で最悪の「物価深刻国」、大半の被害者の声は政治に反映されない日本の悲劇 - ダイヤモンド・オンライン,https://news.google.com/rss/articles/CBMiTEFVX3lxTE5pbnhEdHhhR2VxdWtVY3VRR3dWaktDaFBVbHlfRW9vRXBvUU11RkUtWWFKdmhPTzZzMk5wNGdhSjdYQXRrSUtwY0VOME7SAU9BVV95cUxQYnJKemduVG9abkxoWG9laVYwVktRQ3pxaHFjNmNuQzFKU2FUV0xHRm1SZXFtZWg3M2c2Rll5TnBzMTFkUWVjUV9QRXhzbWh3?oc=5,"Thu, 29 May 2025 07:00:00 GMT",2026-01-29T17:31:48+09:00
GoogleNews:物価 食料 日本,物価 食料 日本,消費者物価指数（CPI）1月3.2％上昇、お米は7割プラスで過去最大 - 日本経済新聞,https://news.google.com/rss/articles/CBMibEFVX3lxTFA2MVpfUmRfQV9GeGtpNUJiQVlNc3J3Qk1PM21vcVhHWWNFaDFwT2FqS0k2ZFpvWUlsMjRkY01abmF0YzRuMmVnYmw1THBMSzJPakpOZ2QtR1dBY2lZVTkxeEY4b043cnVXSVhjOQ?oc=5,"Fri, 21 Feb 2025 08:00:00 GMT",2026-01-29T17:31:48+09:00
GoogleNews:物価 食料 日本,物価 食料 日本,消費者物価（全国25年2月）－コアCPI上昇率は当面3％前後で推移する見通し - nli-research.co.jp,https://news.google.com/rss/articles/CBMib0FVX3lxTE9HeVVpVzRWaVFnaWJPemFTRWM4NW9LaVJ4OVZUYmFvWGdIVWZkUGhoSEdRc2VRUnFUemYtZS1tTGNiNXptVmQ1dnJ5UEt5eXFMTUMzamtFMktGSmYxbUhkcUpQelhyMTQ0b3RxU0Jkb9IBf0FVX3lxTE5SQmt0eG9GVTVnLWNjV2dKaXNmNXZTRHdjQkh1NFprNVA1aFE4aVhMeEROellwclB5cS1tMnBXdFZva0FWYWlGb3hqZmc3cF9ES1R0TEs0Ujd1OV9VaTdtWFlqT3VLOTF0WDJsMnVMQnlVZGRqUlh6bDdUSzZtcjg?oc=5,"Fri, 21 Mar 2025 07:00:00 GMT",2026-01-29T17:31:48+09:00
GoogleNews:物価 食料 日本,物価 食料 日本,「物価と賃金の悪循環」の深刻なメカニズム - 現代ビジネス,https://news.google.com/rss/articles/CBMiWEFVX3lxTFBNeEdqWU85RXRDNXZqOGpnUFp4azJLb09xTTR0OVRlbTJ5M1ExLVpULUJucTRBaE5yNEhLRDB5TURNMFNCQUhkSnNtbUFETExHYzVob1poY18?oc=5,"Tue, 02 Sep 2025 07:00:00 GMT",2026-01-29T17:31:48+09:00
GoogleNews:物価 食料 日本,物価 食料 日本,物価に対し低すぎる日本の金利（久保田博幸） - エキスパート - Yahoo!ニュース,https://news.google.com/rss/articles/CBMiiAFBVV95cUxOdTlSMU9BQThrODVGMVBueG9Oc0wxWUF2VlJya0lqRjk0WVhEeVdWdU5MbzRQM0cwZERjRnE0dVd1LXdSS1dBNXdQUWwxdGVBUV8yZy05WWVwR2F3ZWpRVXZoUk9EcERHOTI1cmc2N0Z1M3lLYUZsTVR4QlpVdmRESnQ3Y2o5Ykgt?oc=5,"Sat, 19 Jul 2025 07:00:00 GMT",2026-01-29T17:31:48+09:00
GoogleNews:物価 食料 日本,物価 食料 日本,ロンドン・東京より高いソウルの食料品価格　OECD平均の1.5倍 - 朝鮮日報,https://news.google.com/rss/articles/CBMigwFBVV95cUxOckRDTjR1WF9fdUdLODF5RTJxSnA2RWtKemhlYzZKbWxJaXNfX0l3R2RRV0ZENFdnTHlDNl9lOGkxUUQ0S1pVZlAxSjFnVmNBc0RiT3ZBSDhvM0xYR2EwYTlvbURQdTQtbjhnaGVjS0tMVWtvYndVd1hpNElCZ0V6SXY2ONIBfEFVX3lxTE1hclBuU3FpbDhmQ2FjSHZxamNYT1RtYVpjcHc2UGFGR2N2QVlzMmtsU19hdC0zYnNCTjc4VklIQWJIcmhySUlsOV96QWozM29ZZmpUQXBBMzJ2UXh0UFk5bm5US0o4V1lzU1dvdndiOUw0YjFva2JZcmZHcTc?oc=5,"Thu, 18 Sep 2025 07:00:00 GMT",2026-01-29T17:31:48+09:00
GoogleNews:物価 食料 日本,物価 食料 日本,消費者物価（全国25年1月）－コアCPI上昇率は25年半ばまで3％前後で高止まりの公算 - nli-research.co.jp,https://news.google.com/rss/articles/CBMib0FVX3lxTE03bVZoOXM0MWh5THVYdXZGdXIzZWhxM2RTLUNseHdzVVJPSTQzNmh2azlHUkZ5YXB3S2JqOXhlSndKVjF0bndkc25sdXpBX2w1TGdCc0hyQjFpNnZfT3lBdzFrdnZuRFVKZFNwNENqRdIBf0FVX3lxTE9sa1JGVTgtdHg4RXhJc1d6QkIwLS10SHpNX0IyR0g0Qm1uLXZBX0xtV0ZsZDN2aHhoY2Utel8yOVI2U2QxS25EZ0d5NTFoVUh3Yjlac3otMEFmNno1RkhubDRxWmZCX0o0a0d3YkVmWENLSllnZFVHeGFPUzEzWlE?oc=5,"Fri, 21 Feb 2025 08:00:00 GMT",2026-01-29T17:31:48+09:00
GoogleNews:物価 食料 日本,物価 食料 日本,物価高で生活困窮する中で｢日本で一番安い都市｣が首都圏にあった…湘南新宿ライン停車駅がある都市の名前 - PRESIDENT Online（プレジデントオンライン）,https://news.google.com/rss/articles/CBMiV0FVX3lxTFBFZkJ5Z2x2dGtLMXdmT1daMUhKZDE2Sng0eDVRTkpsRlZNdVBTS0tnNnd3WWhmbHFaR1M1cG1xczJBcTVvNkVnOXJVQXl3WEZlNEZlQzBXQQ?oc=5,"Sat, 05 Jul 2025 07:00:00 GMT",2026-01-29T17:31:48+09:00
GoogleNews:米 小麦 価格,米 小麦 価格,「おコメが高いから、パンにしました」ってホント？ 食料安全保障と農業のキホンの「キ」（8） - mri.co.jp,https://news.google.com/rss/articles/CBMiYkFVX3lxTFB0NlVvNk1GV0pnWlN0eTBFQzF0Y3FzTkFqWk4xWTN0d1Y4Y1ZEUDFoUHQ5dE9mTGQ0WVJKLXpxekZnQWMtU29NX0g0emFtVG5NaF9qUnY1UHJhcl9jMEtPakFR?oc=5,"Thu, 03 Apr 2025 07:00:00 GMT",2026-01-29T17:31:51+09:00
GoogleNews:米 小麦 価格,米 小麦 価格,"だから日本人の｢コメ離れ｣が進んでいった…アメリカの""安い小麦""を全国各地の食卓に広めた黒幕の正体 - キヤノングローバル戦略研究所",https://news.google.com/rss/articles/CBMiWEFVX3lxTE9mbm9Hb3BFTV9mRjM2TUtmSmVYWGxFOTlGUnJKakFuSjVxbU9VTk52SWRSa0laV2FKOVZMbkxjR2VSRnJoRzNrVnpsS01HN0llNmc1UEc0Rnk?oc=5,"Fri, 10 Oct 2025 07:00:00 GMT",2026-01-29T17:31:51+09:00
GoogleNews:米 小麦 価格,米 小麦 価格,｢1食｣のコメ価格、パンの2倍 小麦製品の割安さに注目 - 日本経済新聞,https://news.google.com/rss/articles/CBMibEFVX3lxTFBsV3BxenFIRHVFMXkzVi1oUmRBUE4wcHRFTEdaTTIyNTVvNzlDb0RMOEplVU9tR0pwc3c3X25zWXgyNVdkMjVMU0hLMjdqdjlrWFlJeEVOeU1yVUdQWTBXN0laRjR5eEctZ0UyYQ?oc=5,"Tue, 15 Apr 2025 07:00:00 GMT",2026-01-29T17:31:51+09:00
GoogleNews:米 小麦 価格,米 小麦 価格,国産でもコメの半額 麦価格の不思議 混ぜご飯などで人気 - 毎日新聞,https://news.google.com/rss/articles/CBMiaEFVX3lxTE1RX1JqMXplcXk0aEpac1F6Y3dDZlljVUpXWEFUZ3hPSWRaeTZBb3BzQXU3WDZzMl8yVmJQeXZKM205NEhqSDM0Q2JkMzNPNHpvbF9QOWR1VGxjaGw1SkRqbnNWZi1UNW5v?oc=5,"Fri, 08 Aug 2025 07:00:00 GMT",2026-01-29T17:31:51+09:00
GoogleNews:米 小麦 価格,米 小麦 価格,｢令和のコメ騒動｣は再び起こる…価格高騰の真犯人は｢日本人の胃袋に小麦を詰め込む｣アメリカの政策だった - PRESIDENT Online（プレジデントオンライン）,https://news.google.com/rss/articles/CBMiWEFVX3lxTE5hcHJDcmRRUTdOWWF3VmtsNXYtSjZjMTJIOTZJTlczS2JMUHhfb0o2VzdYV2xNT25vcGRQY3FpNTB5NWlrOFNaVVByZXdZWVpDQkZ1LWFZQ2I?oc=5,"Sun, 31 Aug 2025 07:00:00 GMT",2026-01-29T17:31:51+09:00
GoogleNews:米 小麦 価格,米 小麦 価格,焦点：米大平原から消えゆく小麦畑、価格低下と干ばつが農家に選択迫る - Reuters,https://news.google.com/rss/articles/CBMihgFBVV95cUxNTmg0ZWdKeFA1S2NKdm9ycmRpelhPaEdFMVZEeklIcURSZHZQYUhtQV8wUnI4QU1RcVZaYnV6N3RmQnVrZS1DWVhUWHZUcUZmSGxYX3BFcEdoQXdUYTRGRzk2M203dzdCbjJQcTRhTzZZekdINm13Y1ZkOUZxYjdLTFNHMHJHUQ?oc=5,"Sat, 21 Jun 2025 07:00:00 GMT",2026-01-29T17:31:51+09:00
GoogleNews:米 小麦 価格,米 小麦 価格,コメ高騰でパン人気 小麦価格安定も支え【値段の方程式】 - テレ東BIZ,https://news.google.com/rss/articles/CBMiZkFVX3lxTFB6S3dqQVRRMTFpLWxBRHczYzREeUtJV3ZrSjZQUGhBYkRsMHo4RVVhZFBZLV82YWRtUzRQaVoxWWI4Qm1pUGpaMDJqeXBkQ1o4Y0hGWHR1MU5QQnZQZEFDa3VKc0pOZw?oc=5,"Tue, 09 Dec 2025 08:00:00 GMT",2026-01-29T17:31:51+09:00
GoogleNews:米 小麦 価格,米 小麦 価格,コメ高騰でパン人気 小麦価格安定も支え - TVer,https://news.google.com/rss/articles/CBMiS0FVX3lxTE5ZNEN4NEhoai1HOUZEeW01QVJoSzhLUjJidURMX3dvZXpYRjhsY0JZdlRrdFBteVhqZ0hxVU1EeFdVM0FQRmV0dV9OWQ?oc=5,"Tue, 09 Dec 2025 06:01:31 GMT",2026-01-29T17:31:51+09:00
GoogleNews:米 小麦 価格,米 小麦 価格,コメ価格は高騰しているが、小麦の取引価格は下落が続く…麺やパンの存在感高まり「コメ離れ」加速の懸念 - 読売新聞オンライン,https://news.google.com/rss/articles/CBMidEFVX3lxTE5uQ2F4LW9FdUhFYWdmUHJxOFRZMkxxbGtsRTlscjFwemRVY1g5M1pvZnlESVJHWkRGN0tDc0JkRDZMbkN2bGlfN2FySVdrSEtXdDh6Zmx2ZWtwSlpxaS1XbXpnX2pQUXh1RUpfQjNBQjJhcFFY?oc=5,"Sat, 29 Nov 2025 08:00:00 GMT",2026-01-29T17:31:51+09:00
GoogleNews:米 小麦 価格,米 小麦 価格,価格高騰からの輸入増加、トランプ関税を巡る日米交渉にも影響した「令和の米騒動」 - meiji.net,https://news.google.com/rss/articles/CBMiXkFVX3lxTE9ROVBZcHFXQlJXXy1ZMDhRYTdaaWZFRlBUNld2SGMwb1ZLdVA5Y1RXYTM1UkFFUks2Ri0tV2l1aUZUelNJR1pIUFJOWXZsaDVSYTlrYklHN2ktek8xLXc?oc=5,"Thu, 10 Jul 2025 07:00:00 GMT",2026-01-29T17:31:51+09:00
GoogleNews:米 小麦 価格,米 小麦 価格,コメ価格はいつ下がる？「令和のコメ騒動」の背景と今後の展望 野村證券ストラテジストが解説 - nomura.co.jp,https://news.google.com/rss/articles/CBMiX0FVX3lxTFBfZ3RVcHFTVzRNR3d3MHNGN3JvNmFYZWR4Y0VQZjItcEhWaTdmaGNRdDZJWmJCdUcxX0tsczcyS2VERG1RUk1rMXlRaU5BRWF3dDhaM25qaVR0cy10WkZj?oc=5,"Tue, 25 Mar 2025 07:00:00 GMT",2026-01-29T17:31:51+09:00
GoogleNews:米 小麦 価格,米 小麦 価格,備蓄米に消費者が列なす様子はまさに食糧危機、そこに外国産米の緊急輸入が始まれば日本の国家安全保障は瓦解の際に - JBpress,https://news.google.com/rss/articles/CBMiX0FVX3lxTFA1ODMwTnZLc081V1FKaVRiNmtLRDJDZ2w4TXltMzFaUFJhQTk5dzlWTGVPWkVuazhuUWViZ1NMYjJoTkdXRGtudEx3Y2NBdWt4bmQ5TnlHbS00QXZaMFNJ?oc=5,"Mon, 09 Jun 2025 07:00:00 GMT",2026-01-29T17:31:51+09:00
GoogleNews:米 小麦 価格,米 小麦 価格,「コメより稼げる」小麦増産も…価格高騰で再びコメにシフトした農家 食卓にも変化「和食」→「洋食」へ 一方、農協トップの発言「決して高くない」に波紋【news23】 - TBS NEWS DIG,https://news.google.com/rss/articles/CBMiYEFVX3lxTE9nTngwU3BwM3h6b040N2ZMbDZfVU5lR2FYLWdqZDZvUXFFS1pPby1jRTBmMHVVNnoxS09uWS1SaVUtSmt5cjQ5aXR5VzlMWV91RGluMTQtajNKaV9mem1SdA?oc=5,"Thu, 15 May 2025 07:00:00 GMT",2026-01-29T17:31:51+09:00
GoogleNews:米 小麦 価格,米 小麦 価格,米高騰で主食を小麦に替えたら「逆に高くついた」一体なぜ!? 47歳・年収200万円女性が節約に失敗した訳 - All About（オールアバウト）,https://news.google.com/rss/articles/CBMiTEFVX3lxTE8yeFYtbVRjdy1LRTV3Wi1Lejd3aDRodmZWQXdaWjJ2ZUJLVzFBZGpfa3FLa0tiVmRWRC03SnBTRC1TZ2tOZktDVlhpS3M?oc=5,"Sun, 26 Oct 2025 07:00:00 GMT",2026-01-29T17:31:51+09:00
GoogleNews:米 小麦 価格,米 小麦 価格,『令和のコメ騒動』（2）コメ価格の一般的な決まり方 食料自給率と安全保障 第11回 - mri.co.jp,https://news.google.com/rss/articles/CBMiYkFVX3lxTE9Nc3VON2pZTDJwQllhLTh0QzJBYWl2R096S2ZCOTc5OVkyVlhGOGZ0WkQyQ1l5anlMTlpvZlJLRGF1MXAzQjduTHQ1T05fTlRVeE9NVXV5WnRSbzZncWRLMEZ3?oc=5,"Tue, 11 Mar 2025 07:00:00 GMT",2026-01-29T17:31:51+09:00
GoogleNews:米 小麦 価格,米 小麦 価格,備蓄米放出後もコメ価格が高騰しているのはなぜ？ 答えは突然の需要回復 野村證券・山口正章 - nomura.co.jp,https://news.google.com/rss/articles/CBMiX0FVX3lxTFB2OFM2Y1VDSHd5Mkc1VU9JZ0lMckdsYUNjYWs1Q0x4WTFHMmZLQmJZTEZKYkwxNnFRU2k3NkdBRXVtQWY3VUxDRW9sdmphZFJWNXFYYm05eTVkWktPaDBj?oc=5,"Wed, 30 Apr 2025 07:00:00 GMT",2026-01-29T17:31:51+09:00
GoogleNews:米 小麦 価格,米 小麦 価格,コメ高騰、備蓄米放出…亡国農政のツケは国民に回る - キヤノングローバル戦略研究所,https://news.google.com/rss/articles/CBMiWEFVX3lxTE1KY01MLTIxelJTbmxBSmVXUENHXzVwLTR3SGtxdFdFS1dkSlBoZV8zVU5UQkVoNWM3NG9CS1hEZ1RuWWZGUzVpZDJ3QTRzdzVybFluU0VVUEc?oc=5,"Wed, 05 Mar 2025 08:00:00 GMT",2026-01-29T17:31:51+09:00
GoogleNews:米 小麦 価格,米 小麦 価格,"だから日本人の｢コメ離れ｣が進んでいった…アメリカの""安い小麦""を全国各地の食卓に広めた黒幕の正体 - PRESIDENT Online（プレジデントオンライン）",https://news.google.com/rss/articles/CBMiWEFVX3lxTFAyQXZaUThmbjFvRXFOQWhzNXhUSHo1R21xWjgxZEc0Q0J4V1pGdkp4RjRYV2ZFSzNGbDcyWjVqblN2NEJKUEU2cm9iamRQWmhJa2ZFaHE3c1Q?oc=5,"Sat, 27 Sep 2025 07:00:00 GMT",2026-01-29T17:31:51+09:00
GoogleNews:米 小麦 価格,米 小麦 価格,パン屋の倒産が急減 前年同期の半分に 小麦価格が落ち着き、コメ高騰でニーズ増加か - 産経ニュース,https://news.google.com/rss/articles/CBMidkFVX3lxTFAzSlE4ZVR0bC1wOEhJaUhXOGNtamUxNFpyTnMzT2dNdVlEcy12SkpHRW1XdTdhYTBmY01WSGJKSTdxV05FWk82SEN2VzN6ZDNya2xZeVRqZkZFaXY2VjhIbDBiQVljNElhV3NzdTBzUmdjV0R0Znc?oc=5,"Mon, 12 May 2025 07:00:00 GMT",2026-01-29T17:31:51+09:00
GoogleNews:米 小麦 価格,米 小麦 価格,「パンや麺ばかりで栄養が偏る」「飽きるし物足りない」お米高騰で“小麦へシフト”した人たちの嘆き… [社会ニュース] All About - All About（オールアバウト）,https://news.google.com/rss/articles/CBMiTEFVX3lxTFBCNXFwVng2SlpUa2tNRXd3Vi1EWmVsbVlyUmRIWWNNRGgwdGU2WndCOEpjcVhEaXAzZkk0RWl6S2lOUUFtR3dpLVhXYkg?oc=5,"Thu, 27 Mar 2025 07:00:00 GMT",2026-01-29T17:31:51+09:00
GoogleNews:米 小麦 価格,米 小麦 価格,【独自】価格高騰に苦しむ食卓と飢餓に瀕する人々を救う「奇跡の小麦」開発の舞台裏：ガイアの夜明け - tv-tokyo.co.jp,https://news.google.com/rss/articles/CBMickFVX3lxTE9ZbDFhSEltcVRkbTlDZGZ6TEtGbGM5NDhpTVdEc3hIV2dtWEszQXRlNGw1VGlTR3d1bS1CSmpSOTl5Q2lTM19obmpaTlNDRmx2bXVhcnBsS2ZsNkNVWksxblloZWZNZ0JBTG1WSmh6VXlUdw?oc=5,"Fri, 09 May 2025 07:00:00 GMT",2026-01-29T17:31:51+09:00
GoogleNews:米 小麦 価格,米 小麦 価格,｢令和のコメ騒動｣は再び起こる…価格高騰の真犯人は｢日本人の胃袋に小麦を詰め込む｣アメリカの政策だった - PRESIDENT Online（プレジデントオンライン）,https://news.google.com/rss/articles/CBMiT0FVX3lxTFBSdHFONHNuUDVDOXpoOHJtdFhmcXJEZFlaRzZQSm9Ed3Q2UmtrZkZMU0NsVENYUktnSVIyU0JPSTctejE3eXdpVElCX0psSGc?oc=5,"Sun, 31 Aug 2025 07:00:00 GMT",2026-01-29T17:31:51+09:00
GoogleNews:米 小麦 価格,米 小麦 価格,米の価格高騰で「弁当」の売れ行き好調 食用油、小麦も高く「総菜」も右肩上がり 「自宅で料理するより安い」とスーパーで人気 店側も安く提供しようと仕入れなど工夫 - nbs-tv.co.jp,https://news.google.com/rss/articles/CBMiXkFVX3lxTE8zQTYyZUI3YXlKdDZOOVhmVHlVMzdaWlp6Um5GdkRRdi12aXBwdnB3cldnQzliVFRZSnZ4LW56RDVETng4QjlieG5PN0VCNmJINWxwYUtibkJacHYtY2c?oc=5,"Mon, 02 Jun 2025 07:00:00 GMT",2026-01-29T17:31:51+09:00
GoogleNews:米 小麦 価格,米 小麦 価格,輸入小麦があるから国内小麦も安く買える 食料安全保障と農業のキホンの「キ」（2） | 食料安全保障と農業のキホンの「キ」 - mri.co.jp,https://news.google.com/rss/articles/CBMiZEFVX3lxTE5Ka3liNkxsaTFpaEQ1REJyZG1lUExqQTBOOGpTaU4yMFg1UDgyVTlHTTJNanJ2czlBM2UxS1N0WVpBWUtxTnI1YW8yLWVsLWZfTW4zT05icDZLVEVoQXAzSVNVODg?oc=5,"Fri, 14 Apr 2023 07:00:00 GMT",2026-01-29T17:31:51+09:00
GoogleNews:米 小麦 価格,米 小麦 価格,専門家「コメの適正価格は5キロ3300円」その根拠は？ 「米がパンより高い」の是非 - ABEMA TIMES,https://news.google.com/rss/articles/CBMiXkFVX3lxTFA4RUIzUnZsRjlTcWVaOGo2Y3pQOUdzbFQzQUZaUGdPbEw0cGtGY0hmckNyTWllUm55RENrcnNTb0VoSnNpYmNXYXZVOGhHVXpwYTI1TmJXVnJYZlhPSXc?oc=5,"Thu, 20 Mar 2025 07:00:00 GMT",2026-01-29T17:31:51+09:00
GoogleNews:米 小麦 価格,米 小麦 価格,手打ちうどん店「小麦堂」が1周年 米価格高騰受け夜は居酒屋業態で営業 - honjo.keizai.biz,https://news.google.com/rss/articles/CBMiT0FVX3lxTFA5MWJKRlBXcm1IMkd5NExLRjVpT2ltSmRTai1teGNoMWZXSjdta1JEbEpQdERfT2FuVnRPUlBBcklkUFFiQ2VlMDJJQ3ZDWFE?oc=5,"Thu, 06 Mar 2025 08:00:00 GMT",2026-01-29T17:31:51+09:00
GoogleNews:米 小麦 価格,米 小麦 価格,豪の穀物、米関税の直接影響受けず＝分析 NNAオーストラリア - b.［ビードット］,https://news.google.com/rss/articles/CBMiWkFVX3lxTE1LSXhrb3VLVnd0dU5QMjhYWFVCNldOUTQ2cWl5RGQ4aEVZRGlvUVNZTHExbmE3QjJONHhwT2FPYTJUbFBQdzdrRlpCTVM5cE1fV1pXQm9FcXViZw?oc=5,"Fri, 14 Mar 2025 07:00:00 GMT",2026-01-29T17:31:51+09:00
GoogleNews:米 小麦 価格,米 小麦 価格,農水省に聞く、日本の食料安全保障における「国産米・小麦・大豆」の現在地【特集：日本の米・麦・大豆の行方 第1回】 - 農業とITの未来メディア,https://news.google.com/rss/articles/CBMiU0FVX3lxTFBwaHpyajRGYi1YUmJaakc3ZEdSVk1Qd0h3aHRlSVc3MHpZUWxXX2tIRUp4WFgtZVFVdG5GZUVPQjByVUo4MzE3V05ZUEh0Sld0anpr?oc=5,"Fri, 12 Jul 2024 07:00:00 GMT",2026-01-29T17:31:51+09:00
GoogleNews:米 小麦 価格,米 小麦 価格,物価高騰に伴う家庭の食卓の変化について328名に調査を実施！小麦価格の高騰によりお米を食べる量を増やしたい人が約70％、「コメ価格は値下がり傾向にある」と知らない人が 約70%！ - PR TIMES,https://news.google.com/rss/articles/CBMiakFVX3lxTE80LTd6UGVlSFN1RGZjNUN4Tm1DR3EzMEotWS00UXkwTWlZNGRsbTZYaWRoVFY0dldJX09CZ2pjcS1ZRUNocF9HQ2xSMFlMQm5oM1g0d3ZiSkFXTXktMVgwUDc4NXRWUDZjY1E?oc=5,"Tue, 27 Sep 2022 07:00:00 GMT",2026-01-29T17:31:51+09:00
GoogleNews:米 小麦 価格,米 小麦 価格,小麦高騰で進む「お米」シフト 価格安定で家計の救世主 - 産経ニュース,https://news.google.com/rss/articles/CBMidkFVX3lxTE5vRFhCOUNfS2tiNjFCNnFybmk0X2lZY25TUXVEcW5SODVLX3oyRUs2VzFKbFVfMGZaYVVDTmN6ZFpuaGJmdVZlRWJqb1VNQ3RWUko5VUw2NzhiVjBWRnZha1huX0J3MjI1UXo3WDlFcnZsaGp1Rnc?oc=5,"Sat, 15 Oct 2022 07:00:00 GMT",2026-01-29T17:31:51+09:00
GoogleNews:米 小麦 価格,米 小麦 価格,中国、小麦相場揺さぶる 米国産大量キャンセルの波紋 - 日本経済新聞,https://news.google.com/rss/articles/CBMibEFVX3lxTFB1NGM0S2FkS0FyWXg0eWYwMVhUNkZZMzVhdU02TFdaU1J4NkxwT2NZY3dDcFlIT2kyMjIzdENnMXNOOE1oOXdKa09SRUxncExOQW9jM2FBWGd3NDVVOTdRRHl3QTVsN1Z6UjI0aw?oc=5,"Tue, 09 Apr 2024 07:00:00 GMT",2026-01-29T17:31:51+09:00
GoogleNews:米 小麦 価格,米 小麦 価格,「食料自給率50%以上」は可能か？ 食料自給率と安全保障 第8回 - mri.co.jp,https://news.google.com/rss/articles/CBMiZEFVX3lxTE1QZEZ6TEpaNmdET2hNckFjVVA1aUU0bUM3ZGdtZTN5VlhuM1IyWFZPSGJad0dBZDZsaDdYVHBtSzBqcTQ2SHJkODdxb3BWRFJJWk9KMzFYX01KUkhNdjh1Qmpzak0?oc=5,"Fri, 08 Nov 2024 08:00:00 GMT",2026-01-29T17:31:51+09:00
GoogleNews:米 小麦 価格,米 小麦 価格,食料品価格、2025年は高騰か－米新政権の通商政策がリスク - Bloomberg,https://news.google.com/rss/articles/CBMidkFVX3lxTE9yZGJVZEc5TnZwaVVNTkJpYWdNSmRpS1BYVHhiZ0ZEbDcxMXdZRVJLRHV0a3hoSnU1b1NibllPZGFQUHB5WnJBX3ZnMjJNdTRVRHlaZ3R5dnZTcUJseW05QTFiTUhpRmwwQnJxRDdhVjliMkVBbEE?oc=5,"Fri, 03 Jan 2025 08:00:00 GMT",2026-01-29T17:31:51+09:00
GoogleNews:米 小麦 価格,米 小麦 価格,「出荷段階で小麦粉と価格が逆転」米粉の需給状況は緊急事態【熊野孝文・米マーケット情報】 - JAcom 農業協同組合新聞,https://news.google.com/rss/articles/CBMiZkFVX3lxTE1KT3VWckkwWFctcXVKWHNKSUlBS2xlUDRQZ2hMTGp2cWJoemxZOUowQmxLMmx1YWgyd01DaHdGdlgzVlBjdm1OMHpBZGxvMlVSWHU1aGJPZ0J3SjVPUEhKazkwX1JLQQ?oc=5,"Tue, 14 Jun 2022 07:00:00 GMT",2026-01-29T17:31:51+09:00
GoogleNews:米 小麦 価格,米 小麦 価格,830. 世界食料市場をとりまく不確実性 - jircas.go.jp,https://news.google.com/rss/articles/CBMiZEFVX3lxTE04RHZqTDYyOEFZSVVmSF83ZlYwQi1fVVhwcDNiTTBibWN0RVJjaUFWdUo2NTROSDF4M00yU1otWFNGWFA5TWp2WUJ3azVXOU9IaDlLcG92OUdINjd2QVZGeFBrUGM?oc=5,"Mon, 31 Jul 2023 07:00:00 GMT",2026-01-29T17:31:51+09:00
GoogleNews:米 小麦 価格,米 小麦 価格,主食用米から「新規需要米・麦・大豆」への転作に向けた政策【特集：日本の米・麦・大豆の行方 第2回】 - 農業とITの未来メディア,https://news.google.com/rss/articles/CBMiU0FVX3lxTE54Y0xURGF0RDBHVHdVbXFneE9GcnZ4NDR6SjFjT1o3aERkUkhUcWNha25PMVJNdTJPSUF1cDRrNjAycnIzZi1NcmdZZEFWRlJMY3pF?oc=5,"Wed, 17 Jul 2024 07:00:00 GMT",2026-01-29T17:31:51+09:00
GoogleNews:米 小麦 価格,米 小麦 価格,小麦価格、コメを逆転 ウクライナ侵攻で高騰 - 日本経済新聞,https://news.google.com/rss/articles/CBMibEFVX3lxTE50TDBSZkQ1YldsZU5jN01vMXRybkZMTVBzc21JZlU1N3lWdEticTREbmlCaE9xei1mQ1hObjc5RnJqajVUUGNuYTA4VnBwR19YWFZobFUxSGpDZ1ozaWtBa0VwSkswUFE3VEFDag?oc=5,"Sat, 07 May 2022 07:00:00 GMT",2026-01-29T17:31:51+09:00
GoogleNews:米 小麦 価格,米 小麦 価格,輸入小麦の価格、なぜ値上げ？ロシアの侵攻で価格高騰 政府は価格据え置き - ツギノジダイ,https://news.google.com/rss/articles/CBMiUkFVX3lxTE5vM1dRZjNWQUIzTk1YUTkyaUFxblNwcmRHTFhOVVJ4YU9acE1icFk4SXEtYmE1azJRdHMxRGQ0YVQ3aFpuQkRVbktvdnlWV0dHSlE?oc=5,"Tue, 26 Apr 2022 07:00:00 GMT",2026-01-29T17:31:51+09:00
GoogleNews:米 小麦 価格,米 小麦 価格,小麦在庫10年ぶり低水準 米欧で作柄悪化、価格再び上昇 - 日本経済新聞,https://news.google.com/rss/articles/CBMibEFVX3lxTFBMZ1RscjEycThONFdCV2hhWTB5OE1oS1JIR0xZaEstUU9HenhnOTNkaTFkUlVJbWpBYWlUSFdYR1N1N0dxa2JBWXNucUFua0hCUXdIcXliM1V1RkxtRld6OVo5eFg2QXhvcU9adg?oc=5,"Mon, 07 Nov 2022 08:00:00 GMT",2026-01-29T17:31:51+09:00
GoogleNews:米 小麦 価格,米 小麦 価格,令和5年産米価格、約10％の上昇作付転換促進等の政策が効果発揮 | お知らせ | ニュース - jimin.jp,https://news.google.com/rss/articles/CBMiXkFVX3lxTE5nQTdJSG96N1ZPYi12dm9TMmRqVS0tNlZDQVY3VmUwUExmaVZUc3dtbkd3Z1pOdmN5eUU5bnlzSzNCM0l3NW9VRHBiYmhld3hGbXRRa0xiSFpMVzdtbEE?oc=5,"Fri, 20 Oct 2023 07:00:00 GMT",2026-01-29T17:31:51+09:00
GoogleNews:米 小麦 価格,米 小麦 価格,進次郎農水大臣のほうがよっぽどマシ…高市政権に潜り込んだ｢コメの値段を下げたくない農林族｣の正体 - キヤノングローバル戦略研究所,https://news.google.com/rss/articles/CBMiWEFVX3lxTE5RSW5lZUJmVGlOLWtHdTdmdlI1a0twTzlDSXpyeno5V2dHTlc5eDFGaDR2VkdOOE5aTFJZeFoySmRZYUo1MjgyVXhhci1IVlFuRDd5MVFwQno?oc=5,"Fri, 07 Nov 2025 08:00:00 GMT",2026-01-29T17:31:51+09:00
GoogleNews:米 小麦 価格,米 小麦 価格,なぜ国産米をいじめ､海外小麦を優遇するのか…国民にとって最悪の政策｢減反｣が続いてしまうワケ - PRESIDENT Online（プレジデントオンライン）,https://news.google.com/rss/articles/CBMiV0FVX3lxTE1GZnptN19McDU3ZFN2R0JXc2xmQVlvaThrZXFIOE9iS0xWbkx1dFBSOVAwSk5ZYTY0ZTlZdWFOV3VxYWI2bWpyT2syNHhxOHBFSWtzWVBJdw?oc=5,"Sat, 22 Oct 2022 07:00:00 GMT",2026-01-29T17:31:51+09:00
GoogleNews:米 小麦 価格,米 小麦 価格,日本の農業政策は有事に国民を飢餓に導く〜ウクライナ危機の教訓 - キヤノングローバル戦略研究所,https://news.google.com/rss/articles/CBMiWEFVX3lxTFBVRV9tUElQdFNGR2FaY3VCZVI2X3YxWGozUGJ0c3R4V1gwc09rQ1lLTkp4bkxSUldxNGM4R2tfWFlDNUh6a1N1TkNoYk5XMmN3UGY4ejBwUkQ?oc=5,"Wed, 06 Apr 2022 07:00:00 GMT",2026-01-29T17:31:51+09:00
GoogleNews:米 小麦 価格,米 小麦 価格,「小麦」に異変 輸入から「国産」へ コンビニやラーメン店も切り替え 輸入小麦高騰で米農家にも変化 - 日テレNEWS NNN,https://news.google.com/rss/articles/CBMifEFVX3lxTFBQSDY0cktBazVic01TUVBuOUhSaWNfS05UQ1JJT0VFZTJGcXBmNHNMa2o4THFCLVhiaVNVMkRFWmw4elROYWxBaGJXV2c3Njd6ZWpRbGx5U0xaWnRSak9mYXFTcGluU2VfeVc2ZVVQY2tubzZvLThMZ045X2s?oc=5,"Wed, 17 Apr 2024 07:00:00 GMT",2026-01-29T17:31:51+09:00
GoogleNews:米 小麦 価格,米 小麦 価格,輸入小麦の売り渡し価格、4月から0.6%引き下げ 米ロで豊作 - 朝日新聞,https://news.google.com/rss/articles/CBMiZkFVX3lxTFBTQmJQUlpyMFVEVnBRc283b1VtQWFacU1mYjJVSXpuS1l0UW5SejRnQm1jNzlJYXdOTm5PYk5sOWZnSmJJRXowV05xVjltd1ZnMEJhSTJ2dWpvSkVBTUU1XzFCVTYwdw?oc=5,"Thu, 07 Mar 2024 08:00:00 GMT",2026-01-29T17:31:51+09:00
GoogleNews:米 小麦 価格,米 小麦 価格,小麦高騰でコメに注目…輸入不要で「脱小麦」、パンや麺の専門店も - 読売新聞オンライン,https://news.google.com/rss/articles/CBMiZEFVX3lxTFBrQkhTRjFYQlJPaVdBbEJfOFhqaS1PeUoydHJVeHh1eTFBb2Z4TDJ2MWxhaGdKMTh6eTBHVXhEUkoxbjc4bG0tb3VfMTU2UXVmTlFOWmpvLThKNzJVclRjNFFab0w?oc=5,"Tue, 29 Mar 2022 07:00:00 GMT",2026-01-29T17:31:51+09:00
GoogleNews:米 小麦 価格,米 小麦 価格,小麦価格高騰で高まるコメへの注目度 - otv.co.jp,https://news.google.com/rss/articles/CBMiV0FVX3lxTE82WUk4RHhLTEtCWG9BQXd0Y3VWUXFyTEw0aTdDd0YzUk1HeFJXOUQ1bFFaanQ0UVAxTkVoYVZFTTRQR3JFNWpjT2FWNjI5SVNUNkFwalNVbw?oc=5,"Fri, 08 Jul 2022 07:00:00 GMT",2026-01-29T17:31:51+09:00
GoogleNews:米 小麦 価格,米 小麦 価格,貧乏人は「米」を食え！ - キヤノングローバル戦略研究所,https://news.google.com/rss/articles/CBMiWEFVX3lxTE9leXM2M2kyOVBxZDF3OHU2VzdjME83ZGVJWUtMNXlieWlCODF4d2h0c1BtR21DWFY2S3I5eGpjRzJNQVpYZ2dUdWhRT1hfaUxIT0hadU5iMDY?oc=5,"Tue, 23 Aug 2022 07:00:00 GMT",2026-01-29T17:31:51+09:00
GoogleNews:米 小麦 価格,米 小麦 価格,小麦高騰…コメに熱視線 識者「割安、家計を救う切り札」 - nishinippon.co.jp,https://news.google.com/rss/articles/CBMiVEFVX3lxTE9YOEVxMkljMXUtUUd4TzNVbE52SFFZcjh1WGd6dTlDMTFZbVA5dlBmVGFTd2Z4Ny13QVQ3ZW1RRUtCX0dHWHU5N3BieDVucXBuREJwXw?oc=5,"Sat, 07 May 2022 07:00:00 GMT",2026-01-29T17:31:51+09:00
GoogleNews:米 小麦 価格,米 小麦 価格,総合商社は農協が強い“米流通”に入り込めるか。「令和の米騒動」が突きつけた構造課題 - Business Insider Japan,https://news.google.com/rss/articles/CBMilwFBVV95cUxQNGhjTjFlMmY2T3lxV3F1MThPUHhNMzc0bmVXRlJxamo5SWJsRUpqZl93NXYwVzc0cENyV3V2TmhNMHd6UDRaeDZ3V1B5V3JRZnRYdEh0VlItN0NWNC1yTjlYTDdfeHlhZ0RacWxSc0FxUHlVNlZ1UjJvMnhNODFDLU93X2tKT0NUNGY1RVJLWEtfMG0wSUJB?oc=5,"Thu, 28 Aug 2025 07:00:00 GMT",2026-01-29T17:31:51+09:00
GoogleNews:米 小麦 価格,米 小麦 価格,コメ：小麦高騰、コメ暴落、どうなる食料安保＝斎藤信世 - 週刊エコノミスト Online,https://news.google.com/rss/articles/CBMif0FVX3lxTE1iaGhfdGlBU3l6bkljUTVYN0lYSUNydV8xT2ZnWWh5YzhVMmcweDk0ckd6UTRwbDJjaEFzckxmRGlXRDJacF9IaExNQXh2bmZUWmpQZzJOMUtDbWhSQTBHNVNhZG5JN29OMW4xb0U1Y2RGVHN6NF9pT1pIenlUUWM?oc=5,"Mon, 15 Aug 2022 07:00:00 GMT",2026-01-29T17:31:51+09:00
GoogleNews:米 小麦 価格,米 小麦 価格,小麦価格高騰で見直される米粉 郡山市が普及活用策探る [福島県] - 朝日新聞,https://news.google.com/rss/articles/CBMiZkFVX3lxTE9oQmpIQ2N1TXBfcHRDMjJuSnB4Y1ZlV2ZFRm5ZLVBCSFI3SzBnNEpveTlHM3hTVGV6Q3hiUXNkaWNsd1ZpQXNvUkcwMDBjbHNieDFucllTdkRRU3VxdmVTMl84NGVyZw?oc=5,"Wed, 15 Jun 2022 07:00:00 GMT",2026-01-29T17:31:51+09:00
GoogleNews:米 小麦 価格,米 小麦 価格,コメも値上がりへ？ 今年の作付面積、昨年より3%減 コロナ影響も - 朝日新聞,https://news.google.com/rss/articles/CBMiZkFVX3lxTE5aWVZ5QktKWVBxOGcyUUpDN0VZVTh6ZVpXYzNvcmw4Rk94RmFOTUgybG1LdHZsUXl3N2dKRDVhQzVuTHhMbTdJSXdockF5OEdvaUdIWS1KLXYtNm95RmpTbTFKRm9wZw?oc=5,"Wed, 27 Jul 2022 07:00:00 GMT",2026-01-29T17:31:51+09:00
GoogleNews:米 小麦 価格,米 小麦 価格,食料安全保障、日本の危うさ ウクライナ侵攻から見えた危機 - キヤノングローバル戦略研究所,https://news.google.com/rss/articles/CBMiWEFVX3lxTE5GYmU0QTR4dFI3TTAxQUhwSWhUQkVsX2hKZi1LZWlBbldVYXlkQ0hVUVNyaGV0c0RrWjg3V2NxREIzYl9YR0xJOGxtRUJPTmtDWnVhZWtBeks?oc=5,"Thu, 16 Mar 2023 07:00:00 GMT",2026-01-29T17:31:51+09:00
GoogleNews:米 小麦 価格,米 小麦 価格,小麦関連の値上げが続く裏で、お米の価格は下がってる? 食卓に起きている意識の変化 - 家電 Watch,https://news.google.com/rss/articles/CBMiZ0FVX3lxTE4ybXZveEV3ekloc284N3E1U1JycGtqZy1vSnU0S19Sa0VucWVGaUZRS3hOc2JHdDRzUmdOTDJhOWxUMzlMdkNaMldFT2FrNURfbUk5SmV1dlA3STRxdzBHc01rUUM5RXM?oc=5,"Thu, 29 Sep 2022 07:00:00 GMT",2026-01-29T17:31:51+09:00
GoogleNews:米 小麦 価格,米 小麦 価格,「お米の値段」高騰が追い風の「食品株4選」…日清製粉Gだけじゃない注目の「代替材」メーカー【日本株】【投資】 - 現代ビジネス,https://news.google.com/rss/articles/CBMiWEFVX3lxTE8xSzZiUVJnT1R5bEZyZnBqdFp6TEN4UVRFeEtJS2RHUmFCVHNqNlNIUlJoZlRiNFJkWVFGNVFTTUp0cy1Pa2pLY0t0cVVISzdZTTU5dFBsalQ?oc=5,"Mon, 22 Sep 2025 07:00:00 GMT",2026-01-29T17:31:51+09:00
GoogleNews:米 小麦 価格,米 小麦 価格,農業市場: アジアの米価格は需要の低迷により低迷が続いている。 - Vietnam.vn,https://news.google.com/rss/articles/CBMiigFBVV95cUxOam5oQ29nN2JyQjVFcWI3WkdrYTkwTEMyUFpDWTFfMjBEblR0cXg3UllPejRyWGZ6ZUdUUS16aGdUbUUyZmtEX0tHQjVWODV6QXUxdWoxV0pBb2RXcXlaMUZxejdmUDYyMEVSMlhkTVY0LW81MkNzdXEtcjhXN2xqM0hrRWVVam1kSkE?oc=5,"Sun, 11 Jan 2026 04:54:58 GMT",2026-01-29T17:31:51+09:00
GoogleNews:米 小麦 価格,米 小麦 価格,WTO、中国のコメと小麦の最低買付価格制度は協定違反と判断 - 独立行政法人 農畜産業振興機構,https://news.google.com/rss/articles/CBMiXkFVX3lxTE9pVVd4TGk3OU9McFdNZERIa1IwUWpncE40WU9OMDFidnFnWTBIVUY4QVFObVpyQVNZZDQzVmtDNkRpbFFMamQtNHoxekVCQ0tsTFEtQ3RqSFlnRGJXR2c?oc=5,"Mon, 11 Mar 2019 07:00:00 GMT",2026-01-29T17:31:51+09:00
GoogleNews:米 小麦 価格,米 小麦 価格,チョコレートに小麦粉の価格高騰でチョコ専門店は…コメも高値で米穀店から悲鳴 - 日テレNEWS NNN,https://news.google.com/rss/articles/CBMihwFBVV95cUxPOWhFSk1GN3lZamVYWlZ1aFdmVDZCSVpPWnlFQlU1LW5KRlY3OC1vZVZFQUkxaTRxWmZ1VDllWXFjelJGTE5UQVV6NmtuaVdpMXAybS1LaFlHYV9yTEVmdk9Kc1VyT21xQlhZUktrb0UzVnR4TUM0ZzUtdF9TYmxCc29GUnFrRjg?oc=5,"Fri, 24 Jan 2025 08:00:00 GMT",2026-01-29T17:31:51+09:00
GoogleNews:米 小麦 価格,米 小麦 価格,米と食パンのコスパ、実は大差ない？それでも節約アドバイザーが米食をすすめる理由 (1/1) - 女性セブンプラス,https://news.google.com/rss/articles/CBMiN0FVX3lxTE9yZjRWZzNPMVprWk9yQXNFM3pyb3pFMU04aFkzODZKd0NxeXNTRUJoTzByNTNJU2M?oc=5,"Mon, 23 Jan 2023 08:00:00 GMT",2026-01-29T17:31:51+09:00
GoogleNews:コンビニ 新商品,コンビニ 新商品,セブンイレブンに新作スイーツが続々登場した ”しあわせ食感”とバレンタインにぴったりのチョコレート、どんなラインナップなのか - Yahoo!ニュース,https://news.google.com/rss/articles/CBMif0FVX3lxTE5uWk0xTVpPS0luVno4YzlSZ3ZuOXlZbmFSOVc0ZmhUT1VjQTEwZWVGUTcxb0VETExRT0VGQmdOekJBOU00bkZRQUw4RTl1cWs4ZjVYc0l5N3FKM0MzcjZzLUtjM0dXZnZyUjh2TW03LXlHQS1QVU9PblJMejJ5Tm8?oc=5,"Wed, 28 Jan 2026 02:00:08 GMT",2026-01-29T17:31:53+09:00
GoogleNews:コンビニ 新商品,コンビニ 新商品,今週新発売のコンビニ寿司・コンビニ弁当🍣🍱まとめ！『ソーセージ＆生姜焼き ソース焼きスパ』、『チーズの虜 キーマカレー』など - もぐナビ,https://news.google.com/rss/articles/CBMib0FVX3lxTFA5M29UenJSQ1oxdC1DaElzcTB4SDg2aTk0ckphMVFlVXJUbElhLTZpUWtHTGxLZ0VJY2dHckN2b3M2VmdJemMxWVowV0I3VkZXSDFHX3J5cS13T0RxZHZBcGNDQjVYRFdWVGFuRG1Tbw?oc=5,"Thu, 29 Jan 2026 01:51:36 GMT",2026-01-29T17:31:53+09:00
GoogleNews:コンビニ 新商品,コンビニ 新商品,【これはスゴイ！おかずが大増量！】ローソン100「デカ盛りチャレンジ」のお得な新作弁当に歓喜！ - Yahoo!ニュース,https://news.google.com/rss/articles/CBMiiAFBVV95cUxQSkpHSUZnY0E5WW8wQVE1RF9GY2NDRWV4R0ZBbUZSQXFBdlM0QUQ1T1NuaENVVHB1ZDV3SGFvdkRVaWJhRXRBb2J2WWREamhLQ1EzWDlLNlBLWVEzN1ZnbDlhejllbWtVdGZSMlJ0cFViQzI2dGh6VktrbE1Oc1dUUFhmZnZjbk5a?oc=5,"Thu, 29 Jan 2026 07:45:19 GMT",2026-01-29T17:31:53+09:00
GoogleNews:コンビニ 新商品,コンビニ 新商品,【2026年冬】セブン‐イレブン・ファミリーマート・ローソン新作スイーツ特集｜チョコ・いちご・栗＆GODIVA・ピエール マルコリーニ監修も！ - えん食べ [グルメニュース],https://news.google.com/rss/articles/CBMihAFBVV95cUxOejZ6RVpua0RjY1duMFpzWkp0WVVYN2xTbWtiRktOczFDTEYtaGFIUkh5V3JJVWVMNTRCcDRabWxSbGo2a0FqWTZtWUprenl4LTV2TXdNUVRNNjlMUlIyREtMblUzQ3Y0Qko1OEFNc0ZaRjAtNmQ1em5WSXd2bEFwMnY0ZWM?oc=5,"Wed, 28 Jan 2026 09:00:00 GMT",2026-01-29T17:31:53+09:00
GoogleNews:コンビニ 新商品,コンビニ 新商品,【また今日も買ってしまった！マジで美味しい！】セブン‐イレブンの新商品にハマった！（キャプテン福田） - エキスパート - Yahoo!ニュース,https://news.google.com/rss/articles/CBMiiAFBVV95cUxObHFzelFpMnRDVGNqek5kSUp1czhVc2FUM3dDQ2p0TXMwVXVtd0NSYWtZRlJNSVdreHlaTzRPdG9QeEdkVjFqQUYySDROeXVmUWVKNTk3ajZpTERrcGpoVlROWmIxSVhORXhCeGZPbXhmQmJkaWlwbjU1YUdvUUFMbGpPRzhRU0pn?oc=5,"Wed, 28 Jan 2026 20:55:10 GMT",2026-01-29T17:31:53+09:00
GoogleNews:コンビニ 新商品,コンビニ 新商品,ローソンでお得な新商品を買ったら、30個入り204円だった（進撃のグルメ） - エキスパート - Yahoo!ニュース,https://news.google.com/rss/articles/CBMiiAFBVV95cUxOWXJRQTBxbVowODgwaWdXeTNaNFNVeTZBVlpIaDVtWVYxRmEzN29QLVU0YzlNT1Bvc1gtc3JxeWRwTGhjTXZCM3pjeWJBM2tNQlVjUmpHQkZONFFKVkQ3bkt2UmZZUTd6MjN3elBWcWxCMnNoeGsxQS12ZDdXX01MMThpdWRmM2lt?oc=5,"Wed, 28 Jan 2026 10:55:24 GMT",2026-01-29T17:31:53+09:00
GoogleNews:コンビニ 新商品,コンビニ 新商品,【カロリーはまさかの1.9倍！猛烈な大増量！】ローソン「盛りすぎチャレンジ」のお得な新商品に歓喜！ - Yahoo!ニュース,https://news.google.com/rss/articles/CBMiiAFBVV95cUxQenhfSG53T0hFblJtMVppUlhyMWU2Z1hickFhZ0hHc3ZhcExFTzhJMWt1NWxCUWdFQlJfUjB6UGhDY2tVNks1QlNIMGR0NEx4UXNwaXEzTWtHNFRTNGFObHZLbnJ3S2FoWnhDMjhtN24zVjl0S1VVTlVTSnhTSGV3UzJCSmNGZEJq?oc=5,"Wed, 28 Jan 2026 15:40:46 GMT",2026-01-29T17:31:53+09:00
GoogleNews:コンビニ 新商品,コンビニ 新商品,【セブン-イレブン】セブンの新作桜スイーツ3選「7プレミアム 桜もち」は国産桜花と葉で本格桜フレーバーを堪能！（LIMO） - Yahoo!ニュース,https://news.google.com/rss/articles/CBMif0FVX3lxTFAyNXlpUjZrR0JlMllaZllQNmtKVUZZTVRoSnlUSWZreGdzaFdCV085X1RnejhCLVNrZnEzV0pWVzZRMUh6eUhNZ09wTmRCZmxTS0l3YzVsbGw1SXhiN1ZDMEJ0VUdQTVdXYlBZdDR4M3FrTXo5bVdYeXdabEdhd2c?oc=5,"Wed, 28 Jan 2026 06:00:55 GMT",2026-01-29T17:31:53+09:00
GoogleNews:コンビニ 新商品,コンビニ 新商品,ローソンのお得な「盛りすぎチャレンジ」が2026年初登場 増量した人気スイーツを実食（進撃のグルメ） - エキスパート - Yahoo!ニュース,https://news.google.com/rss/articles/CBMiiAFBVV95cUxNQnRGRGtNSEw5QzgzdGZrZllOcV9Zb0RnNllYWHFEdnVoaC16Mjdwell2dFN3Y1NqOEsyY2FRYkVHcjA1ZXpBQldickhid2RYN2F2MkliTGFNZ0pvRXl0UVRUNmFFRXVETDNkMVp1cnhRU0lXOEpNMDBtb25XbkEtQ243VUNqVVRq?oc=5,"Mon, 26 Jan 2026 07:49:11 GMT",2026-01-29T17:31:53+09:00
GoogleNews:コンビニ 新商品,コンビニ 新商品,【400円台でもめっちゃ美味しい！何度も食べたくなる！】セブン‐イレブンのお得な新商品2選！（キャプテン福田） - エキスパート - Yahoo!ニュース,https://news.google.com/rss/articles/CBMiiAFBVV95cUxPbFl0NFFONHgxc1ZfYXFWeEJhWm1qSFlMaDZucXRDbG9iNzd2SXlQVGR5NGx5WDdzRVhwczlHNnpKWFVub1dRZkh2UGxyUXhZVlJHU3pGaUp2N19hNmhOcU5qSk5XTmFmWkJPTDVMSW1VN255MWlWM1hXWjB5SmVBaTd5N1NOMHBD?oc=5,"Mon, 26 Jan 2026 15:36:24 GMT",2026-01-29T17:31:53+09:00
GoogleNews:コンビニ 新商品,コンビニ 新商品,【1個50円！食べ出すと止まらなくなる！】セブン‐イレブンの新商品にハマった！（キャプテン福田） - エキスパート - Yahoo!ニュース,https://news.google.com/rss/articles/CBMiiAFBVV95cUxOUkstX0VieWhZSUdOMHhtSkN2ZG5CRDhrVGtzLVRWMS1nZllNUVpxZHJPYTZLY2NESGg0aDBRUWJKS1RZYWc2RF82cHFjaE9lNUpNZEFFRHR5VzV2UnpYRzAxalBmZ0ZfWXVXVF9ydkFFdktrZ3lmUXhWUEVvNGdnM2Jkc0VzYXNN?oc=5,"Tue, 27 Jan 2026 02:26:28 GMT",2026-01-29T17:31:53+09:00
GoogleNews:コンビニ 新商品,コンビニ 新商品,【これは美味すぎる！もう1個食べたくなる！】セブン‐イレブンの新商品にハマった！（キャプテン福田） - エキスパート - Yahoo!ニュース,https://news.google.com/rss/articles/CBMiiAFBVV95cUxPOU14dm5kc1NLVWhzblI1MTIzVjM3V05OMms3RE9CQzd3dEplQm1FNmtEY1UtSFk4RFhyUHFSWlMycTl4UkV2LWZhTExzMTNSS1d5X3drOTdkeFczeURSVWhjQktRRlVJNkhiU1p0RnlBMV9UcDk3akZMYVJ4T3RmVV83Y3dPNjFG?oc=5,"Sat, 24 Jan 2026 20:55:12 GMT",2026-01-29T17:31:53+09:00
GoogleNews:コンビニ 新商品,コンビニ 新商品,ローソンのお得な「大盛りおにぎり」を実食 今だけ総重量200g以上でボリューム満点！（進撃のグルメ） - エキスパート - Yahoo!ニュース,https://news.google.com/rss/articles/CBMiiAFBVV95cUxNLTRVXzdaYTNyRDNNcmZLUHhYTVAxR0NuOTRXWlBYT3dLWnVPdWl6MDBZSlJtTnJjRjFqVkhGZFN0OXFTcjdDQ3VCOHpCOF9JM1hsNUZ1RFphRHUwSDRmSUdDcC1acFVRSFJSQkR1TERSTnNyTnptSUkyaTdBWjdIZTRWaFMtWTcw?oc=5,"Tue, 27 Jan 2026 04:22:56 GMT",2026-01-29T17:31:53+09:00
GoogleNews:コンビニ 新商品,コンビニ 新商品,【これはハマります！美味しくてビックリ！】今週のコンビニスイーツランキング3（1月25日）（キャプテン福田） - エキスパート - Yahoo!ニュース,https://news.google.com/rss/articles/CBMiiAFBVV95cUxQNmtCSWQ0WlFYSXVxNDdYdUozLUxkLVpTb0dEM1dwOTNVQ1R5MlhlT05faWxFMlhyLW5aeU1FMEVXblJieUFEUV9KeTJseHdlOUFHUjZ3RjhkcVIybkpkWWJ0OUxJd1p6U2ZvQjBFSjUxMDZ4QWRFemlTR1BkQXJweFVOS09reExw?oc=5,"Sun, 25 Jan 2026 13:40:34 GMT",2026-01-29T17:31:53+09:00
GoogleNews:コンビニ 新商品,コンビニ 新商品,【これはスゴイ！とんかつが何と2倍！】ローソン「盛りすぎチャレンジ」のお得な新商品に歓喜！（キャプテン福田） - エキスパート - Yahoo!ニュース,https://news.google.com/rss/articles/CBMiiAFBVV95cUxQT3V2TVFTWUtQeTdhUmx1N2lmVGlOTmFsclNXMlBHZjdpNGYyUUptbEVhWHRrMXBCLUE2Ympuak4zbTFhc21TektIMnM3VUduOGl1WmkzWFhNaldYOWtuMTVGdi1jSGgtSllzMjEtVE0xZlZJQmx0VkxzTk5kSDJPX0FOWDhFVnRL?oc=5,"Wed, 28 Jan 2026 07:48:28 GMT",2026-01-29T17:31:53+09:00
GoogleNews:コンビニ 新商品,コンビニ 新商品,"【1,153kcalと猛烈！538円とお得！】ローソン「盛りすぎチャレンジ」の新商品がぶっ飛んでる！（キャプテン福田） - エキスパート - Yahoo!ニュース",https://news.google.com/rss/articles/CBMiiAFBVV95cUxNMmo2MVF1NVd0VlBTaE11Z3JuUDRKUzZmUjBOMXdKSmJiNXg4anBTZTNndnhPZUhPWTdEVFRPWWgxcDFnWEVHTVl6YjNQQ1I2d1pxUGJsekZQeDRSejRpUlp2cXE4R0s1bTRtVFRjc3U2b0pzajgzWm00bzkzWk03UU9tTUsxdXNY?oc=5,"Tue, 27 Jan 2026 07:48:06 GMT",2026-01-29T17:31:53+09:00
GoogleNews:コンビニ 新商品,コンビニ 新商品,【これで397円！しかもめっちゃ美味しい！！】セブン‐イレブンのお得な新商品2選！（キャプテン福田） - エキスパート - Yahoo!ニュース,https://news.google.com/rss/articles/CBMiiAFBVV95cUxPdWRfQ3ZIb2haVmMyT2psZVdTRTRoVlI0eFZrTEp4TndvZTRSRnNLZHFnV0lEazhicmYtYjhWZTE1cHhGblh4VV9nWVVWU0lFVTh1S3d0YVBtQkdMbHNYd2t1R1c5bVRRNXhBR3BKenFBb2tKWjF0VlN4enh5OUtGX2FFR3dOZDF5?oc=5,"Tue, 27 Jan 2026 15:53:31 GMT",2026-01-29T17:31:53+09:00
GoogleNews:コンビニ 新商品,コンビニ 新商品,セブン-イレブンで「386円の新商品」を買ったら、大当たりのおいしさだった（進撃のグルメ） - エキスパート - Yahoo!ニュース,https://news.google.com/rss/articles/CBMiiAFBVV95cUxQWTZ4cXdObUxpeldkX09acHFVdk5udzdRMDhEajVQZHc0cXNwdW9fWVRYYjJPZDVRS2Jkbm1fYzA3Sl94cEw4TGtoQ1RMUWxOUHA5X0lXeFZWNVNpX21uNVQ0NlU2bVhzcFBudVYwTEhOcTdpWG1JOHFtMDNyUnY5UE5sSXB1TkFx?oc=5,"Sat, 24 Jan 2026 09:09:37 GMT",2026-01-29T17:31:53+09:00
GoogleNews:コンビニ 新商品,コンビニ 新商品,【1個59円！チーズたっぷりで美味しい！】ローソンのお得な新商品に歓喜！（キャプテン福田） - エキスパート - Yahoo!ニュース,https://news.google.com/rss/articles/CBMiiAFBVV95cUxOVGdpWDNPUzg3ZmNLY19tckVmakN2YjQ5MVJvbV9idmZqdkZ4c0MweTZrVjlER1U4Qk9fT3pEV1IzSUtfZEtFMHRNa2ZyVFZKbktUeWczSWFJNlAyd1lpQnMzdXcyaldQYS1LcEhWbXJMV1N3ajFJQzktX0tMazhfeUUtcmNvMDNh?oc=5,"Sun, 25 Jan 2026 15:35:18 GMT",2026-01-29T17:31:53+09:00
GoogleNews:コンビニ 新商品,コンビニ 新商品,セブン-イレブンで話題の新商品（210円）を買ってみた 一度食べたらやみつきのおいしさ（進撃のグルメ） - エキスパート - Yahoo!ニュース,https://news.google.com/rss/articles/CBMiiAFBVV95cUxQUS00SjVBZ21LY3BNb3dEUHNzTDhER3Z0QmVpUG9QVHdtQ2RjOGRPVkppZjYyTnE3eTNTWHIyQXprSE5zRUNfNXlQMXJhSEcyMXFZN3hGTDMxU0JWOUdJTy0zYVFvalI1dEZ3YlptWWI0TVlXZWowZWJhTjZzTHlQRWhzOEtPa1ZN?oc=5,"Mon, 26 Jan 2026 14:52:25 GMT",2026-01-29T17:31:53+09:00
GoogleNews:コンビニ 新商品,コンビニ 新商品,大当たりの新商品（386円）をセブン-イレブンで買ってみた 一度食べたらやみつきのおいしさ（進撃のグルメ） - エキスパート - Yahoo!ニュース,https://news.google.com/rss/articles/CBMiiAFBVV95cUxQMWF3aWJjNHY2R3E4TGpabU01QzRTRlBfX05aWXA2Y2laVmtQS2dRYUwtMmtoT1RSeTMtWVpXeHVvN3p3Y2hLVnM4RDZLcWpucjVtY2dpRk1fOGlzdTh6MEdOOC0wNWhBX2Mwa2RZSlBydE5PT2J2TkxqMHMyWGpqb0Z5R3AwdmJp?oc=5,"Sun, 25 Jan 2026 11:21:06 GMT",2026-01-29T17:31:53+09:00
GoogleNews:コンビニ 新商品,コンビニ 新商品,【これはスゴイ！とろとろクリームに驚嘆！】ローソンの新商品にハマった！（キャプテン福田） - エキスパート - Yahoo!ニュース,https://news.google.com/rss/articles/CBMiiAFBVV95cUxOYmpZUmpkQWVJdmJlQ240M2ctaFJkRWZrTld5aTZxM1lIMkVlTzFsdjhEdlgwM0lVcXkyNXZJTTZJS2xtaDNKVE1KUjQ0WkRWX3FCaU9TNU9mNGpLcXN0TDh2allBWkt0RF9aWmNJYnQzY3FYc3hVS0xla1E0YXAyV0NaWHFacWhr?oc=5,"Fri, 23 Jan 2026 20:55:08 GMT",2026-01-29T17:31:53+09:00
GoogleNews:コンビニ 新商品,コンビニ 新商品,「賞も取れなかったのに」...イ・ジョンヒョン、夫のサプライズに思わず涙(『新商品発売〜コンビニレストラン』) - 매일경제,https://news.google.com/rss/articles/CBMiY0FVX3lxTE1IWlNRUFhwUF9rR0xxWTlXLWE0YjRMNTMtVjktcDVHMGJQaVNyUGljNmZVYlJxODA2UHBXbGQ5eExDcUxMRU9fOF85UDQxZVpwQmdDby1RYlZGbjk4RHBDeGNoMA?oc=5,"Thu, 29 Jan 2026 02:05:04 GMT",2026-01-29T17:31:53+09:00
GoogleNews:コンビニ 新商品,コンビニ 新商品,【ファミマ新作スイーツ】ピエール マルコリーニ「ヘーゼルナッツのショコラメロンパン」や「ゴッホショコラ缶」など豪華！【バレンタイン】 - 特選街web,https://news.google.com/rss/articles/CBMiS0FVX3lxTE9MbmFxM1RHUGxFUGl2RERnZVk5QUo3clBxRGpfTC04M2RfWG1IbzllVGdTN2NsRWpKdllwSW9WbnVSYl9PYi1CcGh0Zw?oc=5,"Mon, 26 Jan 2026 11:09:35 GMT",2026-01-29T17:31:53+09:00
GoogleNews:コンビニ 新商品,コンビニ 新商品,【セブン-イレブン】町の中華屋さんみたい！セブンの新作おすすめ中華3選「町中華の醤油ラーメン」はラードとチキンオイルでコクを出したスープが美味しそう！ 【写真付き】2026年1月20日から順次発売！「麻婆天津飯」もチェック - LIMO | くらしとお金の経済メディア,https://news.google.com/rss/articles/CBMiVkFVX3lxTE1pZTV1U0dIWGplN2ZIRm8wYnNNVTZkMnFZNFZZMlNCMWszblJIOS1OeGQxT0tBSXNCZ2hQT1RZck9nbURsWWtieUFob2hvMThLTEZ4ck1B?oc=5,"Mon, 26 Jan 2026 02:15:00 GMT",2026-01-29T17:31:53+09:00
GoogleNews:コンビニ 新商品,コンビニ 新商品,【大当たり出ました！これは美味すぎる！】今週のコンビニスイーツランキング3（1月11日）（キャプテン福田） - エキスパート - Yahoo!ニュース,https://news.google.com/rss/articles/CBMiiAFBVV95cUxQY09TVnRQbTBTZG13VmlXLUNrRVZsRVZkVVREY2loMVdhVUtkR3dnU2p6aS02ck9saEpIX0ZFSkZCUmtpNV9VcXcyTEVuMTRqYlpLWlJ1NVJwMzl6bEVEYmhCVml1YWxGWmVKcVhIcndYUWhSSG1UWjVCWWM2aE5nTWJsbzY4UnVj?oc=5,"Sun, 11 Jan 2026 12:58:26 GMT",2026-01-29T17:31:53+09:00
GoogleNews:コンビニ 新商品,コンビニ 新商品,【ジョブチューンでパーフェクト合格！名作スイーツが復活！】ローソンの新商品に歓喜！（キャプテン福田） - エキスパート - Yahoo!ニュース,https://news.google.com/rss/articles/CBMiiAFBVV95cUxQeVpGdWhTenhIby12WEhpOTg1dGdhWUZjd3NYd01vWDJqSWZ5dFpHR1RiTWZqU0g1dHFvaXhYZnZLVkp0MHBVczNxclNWS2Y4VzVaVHpkQXY1NTlxWWk3LWZjQ0FJTkxvdVNPN0hQN0g0UU1nQmV1d2cxZU9mM2NSNmRRVmExYWxT?oc=5,"Fri, 16 Jan 2026 08:00:00 GMT",2026-01-29T17:31:53+09:00
GoogleNews:コンビニ 新商品,コンビニ 新商品,【1月13日～発売】セブン-イレブン 新商品スイーツまとめ「ほおばりんぐドーナツ」「7プレミアム キャラメルホイップシフォンケーキ 3号」など - えん食べ [グルメニュース],https://news.google.com/rss/articles/CBMidEFVX3lxTE85VklyUE9TcWVhbGRBNlJRV1ltWFBIM1NFWjRqMVAycjROUVdpa3Q0VHZqZHB2aTNlN3FiZHFXb0xReDJLWE0yN1BBclhCWnFtc1VuTWVVZlRTQVA1ZWJYaHVzUUZONTQ0MU5PM0hWbTRHMmRM?oc=5,"Thu, 08 Jan 2026 08:00:00 GMT",2026-01-29T17:31:53+09:00
GoogleNews:コンビニ 新商品,コンビニ 新商品,【これはハマります！美味しくてビックリ！】セブン‐イレブンの新商品に歓喜！（キャプテン福田） - エキスパート - Yahoo!ニュース,https://news.google.com/rss/articles/CBMiiAFBVV95cUxNM1lqX1FFa1Q1SW15Ml9sdl9MaU9uU1puMnJFZGVReTdsMUFUbFYxR3pzYmJHYlFFdEprTkxoSXBDSkliMkI4VFVEMlF0VTRDdjhwTy1ROGNhTV9uQnBwWVBmbENjRjFpblh3ZFUwNEVGUV9ORzU5WC1uVXVueVZvTHdmNnVPSkZD?oc=5,"Thu, 08 Jan 2026 08:00:00 GMT",2026-01-29T17:31:53+09:00
GoogleNews:コンビニ 新商品,コンビニ 新商品,【セブンイレブン】いちご・クリームたっぷり！「いちごクリームどら」や「プリンケーキパフェいちごとミルク」など - 特選街web,https://news.google.com/rss/articles/CBMiS0FVX3lxTFBkZ0NXZDBiWEtHMklOVFZ0Mnc1Y1R4VDhRNlJVU1duZkNrX09QcFBkbnIxaUtUQzFGUVd4eXJ3UlI2SVZjc0s2V0RVWQ?oc=5,"Fri, 16 Jan 2026 08:00:00 GMT",2026-01-29T17:31:53+09:00
GoogleNews:コンビニ 新商品,コンビニ 新商品,【1月27日発売】ファミリーマート 新商品パンまとめ「ピエール マルコリーニ監修 ヘーゼルナッツのショコラメロンパン」「生フランスフレンチトースト（はちみつ）」など - えん食べ [グルメニュース],https://news.google.com/rss/articles/CBMic0FVX3lxTE1vZ0hUdU1PWG5iQUNOenRZZmw0QnBQaEZTSDkyYjNHenN5SHYwQURqWjhVTlVoeVF2ZG5NQW94X0RlMm1mblpHeV9VS011YngzeDEwME83UVRBWWxKalhvV1h2dVZvcDhBbl9Cek9UTUtxNDg?oc=5,"Mon, 26 Jan 2026 11:00:00 GMT",2026-01-29T17:31:53+09:00
GoogleNews:コンビニ 新商品,コンビニ 新商品,【これはスゴイ！マジで美味すぎます！】今週のコンビニスイーツランキング３（1月4日）（キャプテン福田） - エキスパート - Yahoo!ニュース,https://news.google.com/rss/articles/CBMiiAFBVV95cUxPNkx3YkVPOWpVMW81Qi03enF0dTJmdUl0TERWbTJnYmoxTGpRbHRvT3F4MGNHd2Q0TVplQlcwQ0FjNVVlZlFuV3hRbFVfV3NadVlFUG1UM1V3R2szZHcxRk1aUFlwOHZBUU5uMTFOZ0JVVVB4YVBoMk4xUHlvdnpwUC1EaHJ2VUoy?oc=5,"Sun, 04 Jan 2026 12:58:37 GMT",2026-01-29T17:31:53+09:00
GoogleNews:コンビニ 新商品,コンビニ 新商品,【想像を超えて来た！めっちゃ美味しい！】セブン‐イレブンの新商品にハマった！（キャプテン福田） - エキスパート - Yahoo!ニュース,https://news.google.com/rss/articles/CBMiiAFBVV95cUxPNHBqOW9oQmZoaDVLY2NsNWRMQTRRcFFTMkJyMG42RXVicHFTQThTUUxEeEdaNVN4QndzUklsUkNOMUNGQzVrbVlHal83ZFMwbGx6TlVqY1RmWW90NllzaFhGZ0YtOF9kdDUxd2NqN3dxc0N2TlcwX1dfdnc2UjgwTDB5OUJWWWU1?oc=5,"Tue, 23 Dec 2025 08:00:00 GMT",2026-01-29T17:31:53+09:00
GoogleNews:コンビニ 新商品,コンビニ 新商品,セブンイレブン、ファミマ、ローソン／二極化するコンビニおむすび最前線 - 流通ニュース,https://news.google.com/rss/articles/CBMiWkFVX3lxTE9pbG5KVHpUVHNpNWNHemNBZGFuekFjZmRDSENmRmNOSzdsMWhuTjQyNmQ1WWVTcmRQMEhMNWQ5S29UOWRkeTZPZG9HZU9lRUxaaDRTQi1Ib0dsZw?oc=5,"Wed, 19 Nov 2025 08:00:00 GMT",2026-01-29T17:31:53+09:00
GoogleNews:コンビニ 新商品,コンビニ 新商品,■一度で2つのおいしさ！「オモテもウラもおいしいパン」誕生！ - family.co.jp,https://news.google.com/rss/articles/CBMid0FVX3lxTE5oT2RIeFpMWDRPbVNRVEJZY1pGRlpVb2I2R0xLQkxvUHhaYlRHMWFRQXBWV3E4eWNXMWxtU0JNdUtKOFZKbVJpdHFpV091N2JkaWVROE45bkhKdFh0ekFGRTFYY3RCUVZRa1Rta3pKUnlHam5wRF9z?oc=5,"Mon, 06 Oct 2025 07:00:00 GMT",2026-01-29T17:31:53+09:00
GoogleNews:コンビニ 新商品,コンビニ 新商品,セブン-イレブンに700円を超えるコンビニ弁当が増加中 新商品8種類を紹介（進撃のグルメ） - エキスパート - Yahoo!ニュース,https://news.google.com/rss/articles/CBMiiAFBVV95cUxPMXVtS2ZOUmo4U2NUaWc0TDcyalVKWENjWEEwcmhZbGJRWE9nLXBVSU9zMW9tXzBET1pVdFhIQjd5TlE3VmVPdTdFWTdmSmRqNFRmNm5rcjZmWldxNFJwVzlWV3ZvYW1ORC1jTDZiNWJ3Sm9ieURFVklzTUJ3OUxWWUpyZnJMTE1s?oc=5,"Mon, 22 Dec 2025 08:00:00 GMT",2026-01-29T17:31:53+09:00
GoogleNews:コンビニ 新商品,コンビニ 新商品,【ローソン】「スイーツ売上ランキングベスト10」を発表！第1位は定番？それとも新商品？【コンビニスイーツ】 - 特選街web,https://news.google.com/rss/articles/CBMiS0FVX3lxTFBFQnVJVG5YSkc5LXloREV4VW8wTVZBOHAtZXZGSDZSbW92Z2JYTThqUVJSR0liSkk4RGhYLS1kSGdSMWZGdk1aVWN1SQ?oc=5,"Wed, 07 Jan 2026 08:00:00 GMT",2026-01-29T17:31:53+09:00
GoogleNews:コンビニ 新商品,コンビニ 新商品,お芋の季節が到来！ 今年は掘って食べる!?ファミマ初の“体験型スイーツ”が登場！ 秋の美味しさ大豊作！「ファミマのお芋掘り」が9月16日（火）開催｜ニュースリリース - family.co.jp,https://news.google.com/rss/articles/CBMid0FVX3lxTE5kNkJqUHVZNkdYSUFHOHJMUzhjTG10ZFB6ZUJUazdrWE9lUTl6ZV9Td28wUWI0SlhTLXhka3Q1TWVPd05xdjRPN2FLOHl1Y25yV04zQTlGVDFHLTZURXJFVnpIS3hoMHQzcV9YTUJhc3ctRFY1Rkxz?oc=5,"Fri, 12 Sep 2025 07:00:00 GMT",2026-01-29T17:31:53+09:00
GoogleNews:コンビニ 新商品,コンビニ 新商品,【たくさん入って100円台！食べ出すと止まらなくなる！】セブン‐イレブンの安くて美味しい新商品2選！ - Yahoo!ニュース,https://news.google.com/rss/articles/CBMiiAFBVV95cUxOSm93ZXBXYTJFcVRiVUstWDg4RnZhZlVCTEtySG1JZDlDaENqUWF5al9RRFJvcmViNWxWLW5aTldCMENlbE9WaUE2ZGVOOEVyUlVDdTZaTjhnSldRNDlpUTNMVmNnSkxMMTBGdjNSWVhUbk81M19aN09BNWk1Q0Jib2pFQTlHS05a?oc=5,"Tue, 23 Dec 2025 08:00:00 GMT",2026-01-29T17:31:53+09:00
GoogleNews:コンビニ 新商品,コンビニ 新商品,【1月6日～発売】セブン-イレブン 新商品スイーツまとめ「プリンケーキパフェ いちごとミルク」「いちごとあんこの和パフェ」など - えん食べ [グルメニュース],https://news.google.com/rss/articles/CBMic0FVX3lxTE5TQnd1cE1USS1mOU1jWnZGWlRCaTRReldJT1c1S1IxZjhpdWlWSklVTklBVkQyZ0lHR2NqanAwdUxwMGgtY2lHZl9CT1Vjbm9uZF9jSjZva1JIZk5GU2R2akt1S3NoZEVmQWY2T2FsZC1DMDg?oc=5,"Fri, 02 Jan 2026 03:00:51 GMT",2026-01-29T17:31:53+09:00
GoogleNews:コンビニ 新商品,コンビニ 新商品,＼神業チャレンジで登場！／こだわりの新作スイーツ3品｜ローソン公式サイト - LAWSON,https://news.google.com/rss/articles/CBMia0FVX3lxTE11eEtnRnFHaS1ZUlZSbVAxZjZPUWplVG5tYXBtLXJvZHl2VWhyTVh3bi1jUE9iN185Y0NTSnpyTzVzc3dfUkU2MmJQeF9EV3BnVndqME1tNERRd3MtMVlQQ0FPbU9meWtpMlRB?oc=5,"Tue, 30 Sep 2025 07:00:00 GMT",2026-01-29T17:31:53+09:00
GoogleNews:コンビニ 新商品,コンビニ 新商品,【2025年11月】セブン-イレブン・ファミリーマート・ローソンの新作スイーツ特集｜秋にぴったりの注目商品を一挙紹介！ - えん食べ [グルメニュース],https://news.google.com/rss/articles/CBMikgFBVV95cUxOY0ZYZE44S0dkR0hsN3VkakJ3OXdpSnBMV3o3YXdxQ1BuSElZbmU0cUx3bEg4OTZmTnI5TXdqMGt5ZGo5UWVBNTNOWXhhZFliY0p2dkkyUzVjWWRwTHh1WWpiSUZqaUJrTzMtdmloQUdPM1ZQN1IyVWxKdmRPZU5UVXZGN1pVTUVOb1lrWVdYRnlJd9IBlwFBVV95cUxNRzVHWFNPZnlCYm5PbnNCSWlVSXpvZTlmdDFzTE5DbTB5b0ctRTBva1lMZUdnYmk2NDNoMzg3dmhQZHFVMzRQMGZfbWZyVmpZZG1PQkJfTHo2XzdRSDg4U3Q4M1Fub0tmd3RURE13X21UMDlVNDVERlVERGNhX3JvSkNheG9jZElCRFk1NXRQaW9zUVl5X2xr?oc=5,"Thu, 06 Nov 2025 08:00:00 GMT",2026-01-29T17:31:53+09:00
GoogleNews:コンビニ 新商品,コンビニ 新商品,「コンビニエンスウェア」秋冬に向けた新作が登場！厚手素材で肌寒くなるこれからの季節にぴったりのローゲージカーディガンのほか定番人気アイテムの新色も多数ラインアップ！ - family.co.jp,https://news.google.com/rss/articles/CBMid0FVX3lxTE9ZWkhfSWFma2NZa2cxNnpLOE1GMFM4dzdLSlo1N2l3R29wbTJtV3FIS3BfbW90dUI4VXZlRG80VzJTdGtMemxEMk1FU3diLVllaV93dFdTS3BITXlhUldwVWdGcWRVMmU2M2hYYTJMc2VFTU9iWHlF?oc=5,"Thu, 02 Oct 2025 07:00:00 GMT",2026-01-29T17:31:53+09:00
GoogleNews:コンビニ 新商品,コンビニ 新商品,【セブン-イレブン新商品】ちいかわコラボ再び！ おすすめ商品12選｜作中登場グルメや特別デザインカップのホットカフェラテも!! - るるぶWeb,https://news.google.com/rss/articles/CBMiUEFVX3lxTE5VZElqQ3d1YXpmOHVOdXdXTll2ZEpCc0lhcHMzNzY0cDlEbUh1dXpKR3kxeDFGZTBldDJvN2JMZjN6aWJocjJZZ0w0ZlZicVFV?oc=5,"Mon, 08 Dec 2025 08:00:00 GMT",2026-01-29T17:31:53+09:00
GoogleNews:コンビニ 新商品,コンビニ 新商品,【2025年10月】セブン-イレブン・ファミリーマート・ローソンの新作スイーツ特集｜秋にぴったりの注目商品を一挙紹介！ - えん食べ [グルメニュース],https://news.google.com/rss/articles/CBMihgFBVV95cUxNOHpoaS1DUzk3WVpPS28wc1lUMlZ0OVpaQzd2U29POXRqYWgzdlcxdkRXTGktUDB5YVpNUDllbGtlbDlGVjdMVkY4bTN3UEE1dkh4N2FXMkRkVF83R0hqUUlqQlFwUXlqQkI3d2gxR3hBc0xtamJ3ZHh1dWhMbG13dWktZXdGd9IBiwFBVV95cUxNVXZ3VUY4cEd5cks2bFRWcFB5NUJrbGt4SGdUMlZQRVZhSEZORFV4cGdWamVlNnNucWJwUVlnRENERWFDN1UtdkdwSHRaY2xMX1RlaTVhWUdnUDFGMF90Yjhlb3dLWGtyMGdPTGdKMFA4eDZoMC14ZDdIemZrOFdfYlUybUcyTURDeGhV?oc=5,"Mon, 06 Oct 2025 07:00:00 GMT",2026-01-29T17:31:53+09:00
GoogleNews:コンビニ 新商品,コンビニ 新商品,ガブじゅわ！ローソンの新作チキン「まんまる鶏」登場！｜ローソン公式サイト - LAWSON,https://news.google.com/rss/articles/CBMia0FVX3lxTFBhMVlQbW1lLXZSZkhjNE9JazFYLTkwcExuN0JCakZrSXNqOHpxWnozZGNmT2JUSi1UTnJROFpMWmN5T242RnlkYVpqYTBwRVhIZkM1TzZzWjJYRXc3aU1HaDVEVk1VUDMxeXRr?oc=5,"Mon, 28 Jul 2025 07:05:10 GMT",2026-01-29T17:31:53+09:00
GoogleNews:コンビニ 新商品,コンビニ 新商品,コンビニスイーツ、どこがおいしい？ファミマ・ローソン・セブン…7月新作スイーツ食べ比べました【10商品ガチ実食ランキング】 - マイベスト,https://news.google.com/rss/articles/CBMiSEFVX3lxTE00Z2gtYTVCZzBXRWJ3c0lPaXNLZWdHNndfaUowdVdPMjZyRUZYR1p4TUYzQkdHc0hFUnFvV3JSSm1ibUxBZlJiTA?oc=5,"Wed, 09 Jul 2025 07:00:00 GMT",2026-01-29T17:31:53+09:00
GoogleNews:コンビニ 新商品,コンビニ 新商品,【11月11日～発売】セブン-イレブン 新商品スイーツまとめ「かじるクッキークリーム 焼きチョコクッキー」「7プレミアム ベイクドショコラパイ」など - えん食べ [グルメニュース],https://news.google.com/rss/articles/CBMidkFVX3lxTE00Ym5HbEVpblMtS0N1MHRaNElwMENPcEJGS3VYVUFUYlZRaWFUSmM1enpRRGNqQ1ktWGNscG04Z2JxRXNyMUR5NlJpSDNVekxDUHp1RjZhaGlqMkhJeDdTS2dYeDRpanUzMDZhNVZlUVZfM1ZSRnfSAXtBVV95cUxNM1FmX0I5c2FURkpCYmdFV1daN2FSaXZRakJTQXVzZlVBdGJ0OTI4ZUlLWXRuV3g3RDVFdzVMaEgxc3ByUHpCQUdBM2xVQUVwcUNZVHlHMlp2NHJiYzBNbW1GWWhadm1ETGg1SDFZaWg0NHNKei1SNEZVbms?oc=5,"Wed, 05 Nov 2025 08:00:00 GMT",2026-01-29T17:31:53+09:00
GoogleNews:コンビニ 新商品,コンビニ 新商品,【9月16日発売】ファミリーマート 新商品スイーツまとめ「ロールケーキみたいなスイートポテト」「星降る夜のミルクプリン」など - えん食べ [グルメニュース],https://news.google.com/rss/articles/CBMidkFVX3lxTFB3Nng1UG13NW5xNGdTalJZOTlvQW1icFNhSF8wcWdxeThycmRmMkNBTjhXeE0zOHkxWTM4ckZ6NGwzc3ZPQXFtZ3lENHRPUlpCNDFTNjJVX0ZmeklEOUpsdGtKLWl1WTFJRmZCa19GLWRVeTk5R1HSAXtBVV95cUxQSzNPbkpabm01TWFjallZVnppTS1FYjYxQjJpd1lSNHg1MDh3SE56T1h6RXN2b0VudmxpRjFFQkw2UW9nYzhkdkxrUlJUY0FKOGpGRDVYZ3hiODBRZm1TdmFwLWd4blhoR1NBT05ZcjMyTTMyczY1T1JDblU?oc=5,"Tue, 16 Sep 2025 07:00:00 GMT",2026-01-29T17:31:53+09:00
GoogleNews:コンビニ 新商品,コンビニ 新商品,秋の散策のおやつにぴったり！ コンビニ新商品速報（ufu.） - Yahoo!ニュース,https://news.google.com/rss/articles/CBMif0FVX3lxTE83VFdCVDZSV3NJM1E4ekJsbjhUOWR4TkFxUklPRWVYdWJTQnRJM3F1S3pVRkd5MWQzRzYzSjh5T0huczlsNHlBX29PLU1PNlpnanFzdE1uVjlsc3Jla2ZtRVo3T25JY20xSS1YVGJVTnR5NkJzVUdJUms2NFBBTEE?oc=5,"Sat, 27 Sep 2025 07:00:00 GMT",2026-01-29T17:31:53+09:00
GoogleNews:コンビニ 新商品,コンビニ 新商品,【コンビニ】セブン・ファミマ・ローソンの6月新商品＆おすすめ商品はコレ！今すぐお店へ - シティリビングWeb,https://news.google.com/rss/articles/CBMiWEFVX3lxTFBsQmpXc1NBTWRCNmozeXBUNnBncDQ1bi00eThRY3I4WlhYSC11MEJFRUZDMjRqQUdIUmNQdGxkRVF1TzJvRVJ3YTVpMzl1bXNicmF0c1I1Rm0?oc=5,"Fri, 20 Jun 2025 07:00:00 GMT",2026-01-29T17:31:53+09:00
GoogleNews:コンビニ 新商品,コンビニ 新商品,【12月9日～発売】セブン-イレブン 新商品スイーツまとめ「ごほうびとろ生チーズケーキ 濃厚クリームチーズ」「クリスマスパフェ 宇治抹茶といちご」など - えん食べ [グルメニュース],https://news.google.com/rss/articles/CBMidEFVX3lxTE1IeVB6RXhWZ3VTZUlGaUlpdzJhQVFtZ2VyYXlBMGJoRkJZQ0xHN3pmdzBVUl9ueElGemZkMU9OVmdaejZlN2FOSUdRaTlYMGh6UlNWdnN6SmR2cnZkemhmc2xPMk50dEN4TkkyLWxaaDFQaDNp0gF6QVVfeXFMTmVXOTZYX09hSUM3ekJhWGdmcmU5VlVQTkxBTU4wN3pha0xtQ3B0X0tvUnlrRzdwMDZMdEhsMGE0c1NqUDBhVTJhS1hTc05DVHBjcEFwMWFOcnVfa2JsQkNYdXhhT180RDA5dUpJU3p0VTM1R0drVHZPTEE?oc=5,"Thu, 04 Dec 2025 08:00:00 GMT",2026-01-29T17:31:53+09:00
GoogleNews:コンビニ 新商品,コンビニ 新商品,【2025年12月】セブン-イレブン・ファミリーマート・ローソンの新作スイーツ特集｜冬にぴったりの注目商品を一挙紹介！ - えん食べ [グルメニュース],https://news.google.com/rss/articles/CBMihwFBVV95cUxOblB0cXRfazg1N0pIa2dFaXV1ZURucm5tUEJERlR3WWRSZDhYZTRESVBPYm1IUU56TVVPR3dfOENMU2o1dEUzUGt6SV9DVmlmSVA4VmtqZ1FMOEtJcnRWbGdwNk11VUtnLTR6LWNRbVRlWUs4ZFpzVUdBdUFjWEJTckNWYlJpd0XSAYwBQVVfeXFMTlNKLVNueE9SMHh0WTc2OHYtZ056ekZ5N05pSUdBMzdQc0ZhR2I4R1ZsLUhPd0JGVlUzaHJlY19lSmFmdzBsNTdJRm5sTEJaMkN2WGZQREdUOXBSd200VEs4b0ZUbHRweVNyU3RTSzdBRXRKLWpRbVNVeVlIT0ZsTHk5cGY4SHV6RHR3OGE?oc=5,"Mon, 01 Dec 2025 08:00:00 GMT",2026-01-29T17:31:53+09:00
GoogleNews:コンビニ 新商品,コンビニ 新商品,コンビニで買える！この秋冬の新商品グミ3種類試してみました - シティリビングWeb,https://news.google.com/rss/articles/CBMidEFVX3lxTE96SXdJLWJ4ZnB1Z0tqbkk3OUd3N2cxRHFVUi1PMGF2QkRETTZTVXNwbG5fU2xZQ1pJcHlkUGwxMXo1ZExKUVQzNjZabTBqVmh0TUx5dURDQTdBTmh0bVBpMjVrbG9qU2Vpb1JsX204bVM1T3NC?oc=5,"Fri, 28 Nov 2025 08:00:00 GMT",2026-01-29T17:31:53+09:00
GoogleNews:コンビニ 新商品,コンビニ 新商品,【1個43円！食べ出すと止まらなくなる！】セブン‐イレブンの4個入り新商品にハマった！（キャプテン福田） - エキスパート - Yahoo!ニュース,https://news.google.com/rss/articles/CBMiiAFBVV95cUxQZWppQ3lRU0ljN3IwTFltU0Fvazl3RTV5NTZUSDBYM1dFNlF6SDNvek92cTBjVk1CMHkzS0pSdF9ZUHZuajliSEJaTFdzZ2JTTUVmcnN5bjY3aWtqVGxObENablpDWTVZcFFRZm1HSlprR1hwc2l2akEzaGhVbEZUajZaMHB0NUtr?oc=5,"Tue, 12 Aug 2025 07:00:00 GMT",2026-01-29T17:31:53+09:00
GoogleNews:コンビニ 新商品,コンビニ 新商品,コンビニで買える高級スイーツ！ゴディバ×ローソンの新商品は”七夕”がコンセプト - ウォーカープラス,https://news.google.com/rss/articles/CBMiVEFVX3lxTE0zSnRDUjR6TlY5eVo4WXhtR3o4cm1JMHd2S0tzcThwd3VCeGZNc2h2RDZ6VXpxNm4zZm5PQ0Nvb3g5c0V6d0lJUlJTdmtWT2M4ZEp6d9IBWkFVX3lxTE9KaWtHUjljczlkZXJad0k3SkhyWUZ5OHliTnJtYXR1Ny1sMTNsNTNGdFR5NUs5V1ppekotaUk3WGp3MGxteEtzVzBZNjVsZTFXQnNvMDNFSFdkQQ?oc=5,"Thu, 22 Jan 2026 08:00:00 GMT",2026-01-29T17:31:53+09:00
GoogleNews:コンビニ 新商品,コンビニ 新商品,【2025年12月・2026年1月】新発売! セブンイレブンの注目新商品スイーツ5選 - マイナビニュース,https://news.google.com/rss/articles/CBMiXEFVX3lxTE1DT2NTSmQ3MVpKSTBxUmZkemhrSjVCZnZiaFhZT1ZGR0JkVFVtNXFhRHBOb0dOTUtNbUdJTmVud01iMjkxQnNPRmxKOUpYeXZpWXVsYTcwTEZLVlRl?oc=5,"Mon, 29 Dec 2025 08:00:00 GMT",2026-01-29T17:31:53+09:00
GoogleNews:コンビニ 新商品,コンビニ 新商品,【ジョブチューンで最高評価の名作に新味！】今週のコンビニスイーツランキング３（12月7日）（キャプテン福田） - エキスパート - Yahoo!ニュース,https://news.google.com/rss/articles/CBMiiAFBVV95cUxQM0JBb2lONWstREZhdTZvSkdSZTdkZzRmRnZJQXZ2Mk9BTElwcmR5NF9mZlVyS2E4bUg2Y1NNbUxXb29jVHlsb3BvcThackpqWmVNQ1ZjcWwxbF9Zb2JwLW1NOFg4RXB2NEo2WGt6NGpKaDVoVUEtaHZ0SFJCX2tyQmRqOTFmS3M4?oc=5,"Sun, 07 Dec 2025 08:00:00 GMT",2026-01-29T17:31:53+09:00
GoogleNews:コンビニ 新商品,コンビニ 新商品,【世界No.1パティシエ監修！コンビニを超えた美味しさ！】ファミマの新商品に驚嘆！（キャプテン福田） - エキスパート - Yahoo!ニュース,https://news.google.com/rss/articles/CBMiiAFBVV95cUxQSWZXaUI5eWZ2VHh1Wnlxa1J2bEphVUlKMDFzUGFmUmV6aTN1RHFQV3FHVUVDS2llcjdqSjZWbTUwTXhQOGtPaTVqdmt1ZUVoNmM5dGhXNG55cU55UVVwdDVtR3lsLVBpc3drNm9pdnFLRUFiWnBoUVN0UC1mcDdFSllpa2d2OVBP?oc=5,"Sat, 06 Sep 2025 07:00:00 GMT",2026-01-29T17:31:53+09:00
GoogleNews:コンビニ 新商品,コンビニ 新商品,背脂にんにく約1.5倍に増量した「中華蕎麦 とみ田監修 デカ豚ラーメン アブラ増 極太麺ワシワシ」＆家系ラーメンへの新たな挑戦となる新商品「中華蕎麦 とみ田監修 家系ラーメン」の２品が登場！ | 株式会社セブン‐イレブン・ジャパンのプレスリリース - PR TIMES,https://news.google.com/rss/articles/CBMiakFVX3lxTE0tbUQ1TEYySEtBOGU4LWYwc1NkLWhkREg4dlBpaVloZldxb2NVaVVyUXRnaFkzWWtQOGZjSUdhNkFqUjVjZTZiZHVsUGVKN1pkTzhNQU9RdXh0MEtaOFZHWkhoaTlIWEdrekE?oc=5,"Mon, 17 Nov 2025 08:00:00 GMT",2026-01-29T17:31:53+09:00
